Accession,Residue,BepiPred-3.0 score,BepiPred-3.0 rolling mean score
AAA45413.1,M,0.10221192985773087, 0.060455120686027736
AAA45413.1,G,0.05942915752530098, 0.07122616014546818
AAA45413.1,Q,0.12725546956062317, 0.08829462735189332
AAA45413.1,I,0.11613676697015762, 0.10202194543348418
AAA45413.1,H,0.139062762260437, 0.11681315095888244
AAA45413.1,G,0.09693935513496399, 0.12112695020106104
AAA45413.1,L,0.15361620485782623, 0.13115248415205213
AAA45413.1,S,0.12354586273431778, 0.1323525326119529
AAA45413.1,P,0.1331208497285843, 0.13465346313185161
AAA45413.1,T,0.14103612303733826, 0.14227531105279922
AAA45413.1,P,0.1496589630842209, 0.14466380907429588
AAA45413.1,I,0.13805590569972992, 0.1426498227649265
AAA45413.1,P,0.13684514164924622, 0.1523364724384414
AAA45413.1,K,0.20765939354896545, 0.15224296930763456
AAA45413.1,A,0.11843583732843399, 0.14747641732295355
AAA45413.1,P,0.1354903280735016, 0.14575105988317066
AAA45413.1,R,0.21072570979595184, 0.14119586017396715
AAA45413.1,G,0.13227932155132294, 0.13958407027853859
AAA45413.1,L,0.09813715517520905, 0.12695834868484074
AAA45413.1,S,0.13413074612617493, 0.11801798020799954
AAA45413.1,T,0.09705910831689835, 0.11181968905859524
AAA45413.1,H,0.12233903259038925, 0.10159791302349833
AAA45413.1,H,0.09402789920568466, 0.09098571456140941
AAA45413.1,W,0.03797252103686333, 0.08412671254740821
AAA45413.1,L,0.07970570772886276, 0.08192118091715707
AAA45413.1,N,0.11872972548007965, 0.08079175982210371
AAA45413.1,F,0.03676953539252281, 0.07318992291887601
AAA45413.1,L,0.03640613704919815, 0.07618853905134731
AAA45413.1,Q,0.11428096145391464, 0.09344678620497386
AAA45413.1,A,0.08689431846141815, 0.09719316413005193
AAA45413.1,A,0.05392250046133995, 0.10154818246761958
AAA45413.1,Y,0.12101544439792633, 0.11458568399151166
AAA45413.1,R,0.19329674541950226, 0.12476730222503345
AAA45413.1,L,0.11342310905456543, 0.12466099568539196
AAA45413.1,Q,0.15792489051818848, 0.1334297810163763
AAA45413.1,P,0.15410704910755157, 0.14527188158697552
AAA45413.1,G,0.12804070115089417, 0.14194090333249834
AAA45413.1,P,0.11332420259714127, 0.13338418222135967
AAA45413.1,S,0.1658133864402771, 0.13391236464182535
AAA45413.1,D,0.1605014055967331, 0.13423555261558956
AAA45413.1,F,0.09103664010763168, 0.1307709738612175
AAA45413.1,D,0.1162862554192543, 0.12094386584228939
AAA45413.1,F,0.11817675083875656, 0.12314945542150074
AAA45413.1,Q,0.16083358228206635, 0.1235730970899264
AAA45413.1,Q,0.12292584031820297, 0.11217088666227129
AAA45413.1,L,0.03959672898054123, 0.10674505184094112
AAA45413.1,R,0.13317450881004333, 0.10881003406312731
AAA45413.1,R,0.1696261614561081, 0.10911657412846883
AAA45413.1,F,0.05788151174783707, 0.09713606867525312
AAA45413.1,L,0.042204126715660095, 0.09779846585459179
AAA45413.1,K,0.13487109541893005, 0.1111303750011656
AAA45413.1,L,0.12093561142683029, 0.1080473040541013
AAA45413.1,A,0.053009033203125, 0.10022586915228102
AAA45413.1,L,0.12888741493225098, 0.10685798111889097
AAA45413.1,K,0.1595839112997055, 0.11645766016509798
AAA45413.1,T,0.10542687028646469, 0.1104802754190233
AAA45413.1,P,0.0992332473397255, 0.10908040321535534
AAA45413.1,I,0.11757051944732666, 0.11613736301660538
AAA45413.1,W,0.12860123813152313, 0.11893773823976517
AAA45413.1,L,0.08107463270425797, 0.10921142167515224
AAA45413.1,N,0.10833676159381866, 0.10490599854124917
AAA45413.1,P,0.1165216714143753, 0.1041202371319135
AAA45413.1,I,0.1540907919406891, 0.10212966882520252
AAA45413.1,D,0.07204706221818924, 0.09237297500173251
AAA45413.1,Y,0.06667806208133698, 0.09089246019721031
AAA45413.1,S,0.0921613946557045, 0.09165475972824627
AAA45413.1,L,0.0996554046869278, 0.08777474156684345
AAA45413.1,L,0.040790993720293045, 0.07754013852940665
AAA45413.1,A,0.0677499994635582, 0.08092602756288317
AAA45413.1,S,0.11519745737314224, 0.09507482416099972
AAA45413.1,L,0.08160150796175003, 0.09962095237440532
AAA45413.1,I,0.06197936460375786, 0.10438363171286053
AAA45413.1,P,0.10252006351947784, 0.11382159797681703
AAA45413.1,K,0.194017231464386, 0.11988551376594438
AAA45413.1,G,0.13307654857635498, 0.12163267243239614
AAA45413.1,Y,0.1425195187330246, 0.1182029979924361
AAA45413.1,P,0.1257326900959015, 0.12267893056074779
AAA45413.1,G,0.12232524156570435, 0.12417687227328618
AAA45413.1,R,0.1309218853712082, 0.10638463993867238
AAA45413.1,V,0.05073443800210953, 0.09639288443658087
AAA45413.1,V,0.10226275771856308, 0.09152024197909567
AAA45413.1,E,0.11600153893232346, 0.08579029598169857
AAA45413.1,I,0.033887140452861786, 0.07683015283611086
AAA45413.1,I,0.04315074905753136, 0.0727770005663236
AAA45413.1,N,0.0986657366156578, 0.08166822956668006
AAA45413.1,I,0.07416317611932755, 0.08382812307940589
AAA45413.1,L,0.04168395325541496, 0.08602675216065513
AAA45413.1,V,0.09444351494312286, 0.0978753235605028
AAA45413.1,K,0.1307554990053177, 0.10948610678315163
AAA45413.1,N,0.12170179933309555, 0.11895796946353382
AAA45413.1,Q,0.1357892006635666, 0.1331254579126835
AAA45413.1,V,0.14052428305149078, 0.14598937415414387
AAA45413.1,S,0.14764779806137085, 0.15756773038042915
AAA45413.1,P,0.1839125007390976, 0.16280458453628752
AAA45413.1,S,0.2016705721616745, 0.16760480569468605
AAA45413.1,A,0.15745919942855835, 0.17410539918475681
AAA45413.1,P,0.19864872097969055, 0.18042985598246256
AAA45413.1,A,0.1778871864080429, 0.18666289581192863
AAA45413.1,A,0.16490378975868225, 0.18694307572311825
AAA45413.1,P,0.1942945420742035, 0.18760997222529519
AAA45413.1,V,0.1974443942308426, 0.19026575651433733
AAA45413.1,P,0.20374515652656555, 0.18574155370394388
AAA45413.1,T,0.18643411993980408, 0.18633234004179636
AAA45413.1,P,0.20767264068126678, 0.19042830169200897
AAA45413.1,I,0.18136125802993774, 0.1924782312578625
AAA45413.1,C,0.1579308956861496, 0.19397282434834373
AAA45413.1,P,0.1832042634487152, 0.19262600441773733
AAA45413.1,T,0.2017674446105957, 0.1930211583773295
AAA45413.1,T,0.21274390816688538, 0.19331035514672598
AAA45413.1,T,0.21089573204517365, 0.1971275789870156
AAA45413.1,P,0.1916237771511078, 0.20305798782242668
AAA45413.1,P,0.18999050557613373, 0.20691020786762238
AAA45413.1,P,0.21027541160583496, 0.20967913501792484
AAA45413.1,P,0.21571627259254456, 0.20875615212652418
AAA45413.1,P,0.21130457520484924, 0.20854928096135458
AAA45413.1,P,0.21787424385547638, 0.21247253318627676
AAA45413.1,P,0.22668778896331787, 0.2084944960143831
AAA45413.1,S,0.20443706214427948, 0.20637319485346475
AAA45413.1,P,0.20903389155864716, 0.2014718254407247
AAA45413.1,E,0.2269330471754074, 0.2001917047633065
AAA45413.1,A,0.15418817102909088, 0.19888981680075327
AAA45413.1,H,0.19118370115756989, 0.19464965826935238
AAA45413.1,V,0.1716039478778839, 0.1962900244527393
AAA45413.1,P,0.19978348910808563, 0.1921930511792501
AAA45413.1,P,0.20615725219249725, 0.18885073728031582
AAA45413.1,P,0.18852636218070984, 0.19167668951882255
AAA45413.1,Y,0.21920035779476166, 0.18953128159046173
AAA45413.1,V,0.17216113209724426, 0.18717354867193434
AAA45413.1,E,0.19685222208499908, 0.17931394775708517
AAA45413.1,P,0.17962174117565155, 0.17130344774987963
AAA45413.1,T,0.1718750298023224, 0.16096090194251803
AAA45413.1,T,0.1503843516111374, 0.14568149712350634
AAA45413.1,T,0.12904708087444305, 0.138100975089603
AAA45413.1,Q,0.1340627521276474, 0.12331378211577733
AAA45413.1,C,0.09544344991445541, 0.11140310929881202
AAA45413.1,F,0.08168571442365646, 0.10579026407665676
AAA45413.1,P,0.10393643379211426, 0.10489237970776027
AAA45413.1,I,0.06376748532056808, 0.11473092767927381
AAA45413.1,L,0.07242568582296371, 0.1215427319208781
AAA45413.1,H,0.12135942280292511, 0.12802058706680933
AAA45413.1,P,0.14230339229106903, 0.1437145405345493
AAA45413.1,P,0.21759401261806488, 0.14959309332900578
AAA45413.1,G,0.19536899030208588, 0.1562200900581148
AAA45413.1,A,0.1537441462278366, 0.16062907377878824
AAA45413.1,P,0.22293129563331604, 0.1671319239669376
AAA45413.1,S,0.1568434089422226, 0.16177518748574787
AAA45413.1,A,0.12341045588254929, 0.14276942983269691
AAA45413.1,H,0.11210653930902481, 0.13273335951897833
AAA45413.1,R,0.17988507449626923, 0.12809807103541163
AAA45413.1,P,0.09409276396036148, 0.12067305751972729
AAA45413.1,W,0.04654219374060631, 0.11332858146892653
AAA45413.1,Q,0.10504435747861862, 0.10129046760913399
AAA45413.1,M,0.11202654987573624, 0.10007397902922498
AAA45413.1,K,0.15610617399215698, 0.08866123513629039
AAA45413.1,D,0.09074312448501587, 0.08008249673164552
AAA45413.1,L,0.015067431144416332, 0.08265364532255465
AAA45413.1,Q,0.10115814208984375, 0.08379159402102232
AAA45413.1,A,0.07717037945985794, 0.07897524732268518
AAA45413.1,I,0.01688411831855774, 0.06407378313855992
AAA45413.1,K,0.0696825310587883, 0.06482465513464478
AAA45413.1,Q,0.11528589576482773, 0.07423643850617939
AAA45413.1,E,0.06867942959070206, 0.07020024789704217
AAA45413.1,V,0.021992996335029602, 0.07275696843862534
AAA45413.1,S,0.09750097244977951, 0.08336880637539758
AAA45413.1,S,0.09977348148822784, 0.08594042973385917
AAA45413.1,S,0.0648324266076088, 0.07971281558275223
AAA45413.1,A,0.10018086433410645, 0.08376165562205845
AAA45413.1,P,0.1123906597495079, 0.09087858266300625
AAA45413.1,G,0.09282714128494263, 0.08455689623951912
AAA45413.1,S,0.059237368404865265, 0.08036331459879875
AAA45413.1,P,0.10511898994445801, 0.08764659737547238
AAA45413.1,Q,0.08604533970355988, 0.08150314581063059
AAA45413.1,F,0.04060579463839531, 0.07075118966814545
AAA45413.1,M,0.06203124672174454, 0.07312017130768961
AAA45413.1,Q,0.1303819715976715, 0.07484361477610138
AAA45413.1,T,0.04488980025053024, 0.06522712701310714
AAA45413.1,L,0.015623054467141628, 0.0597528096081482
AAA45413.1,R,0.11414797604084015, 0.06434272860901223
AAA45413.1,L,0.07474835962057114, 0.0691957412701514
AAA45413.1,A,0.01857060007750988, 0.06360836709953016
AAA45413.1,V,0.03677648305892944, 0.06885253441416556
AAA45413.1,Q,0.08191506564617157, 0.07124104909598827
AAA45413.1,Q,0.10570836067199707, 0.06654171459376812
AAA45413.1,F,0.08009560406208038, 0.06452891168495019
AAA45413.1,D,0.09208730608224869, 0.07320555506481065
AAA45413.1,P,0.03711968660354614, 0.07531676896744305
AAA45413.1,T,0.07185396552085876, 0.06858301390376356
AAA45413.1,A,0.05663313344120979, 0.06342641616033183
AAA45413.1,K,0.09666039049625397, 0.06144616028500928
AAA45413.1,D,0.055777408182621, 0.05283058238112264
AAA45413.1,L,0.02131127007305622, 0.050086820187668
AAA45413.1,Q,0.059298980981111526, 0.05307615289671554
AAA45413.1,D,0.0622733011841774, 0.054658693054483995
AAA45413.1,L,0.014547104947268963, 0.04729465343472031
AAA45413.1,L,0.012425826862454414, 0.04425298391530911
AAA45413.1,Q,0.09875795990228653, 0.0500626095260183
AAA45413.1,Y,0.07087599486112595, 0.05734499616341458
AAA45413.1,L,0.030384033918380737, 0.060224092565476894
AAA45413.1,C,0.028402382507920265, 0.06337142363190651
AAA45413.1,S,0.07359790056943893, 0.06722955633368757
AAA45413.1,S,0.12484046071767807, 0.06508379160530037
AAA45413.1,L,0.08818516880273819, 0.06258822129004532
AAA45413.1,V,0.0428730845451355, 0.06218400887317128
AAA45413.1,V,0.04714902117848396, 0.06660636369552878
AAA45413.1,S,0.07944607734680176, 0.06872848028110133
AAA45413.1,L,0.048415862023830414, 0.0614274957527717
AAA45413.1,H,0.026746122166514397, 0.055037247844868235
AAA45413.1,H,0.06820357590913773, 0.06367453622321288
AAA45413.1,Q,0.09269694983959198, 0.07090416033234861
AAA45413.1,Q,0.059131599962711334, 0.06752563743955559
AAA45413.1,L,0.030672937631607056, 0.06702007539570332
AAA45413.1,N,0.12060867995023727, 0.07993464544415474
AAA45413.1,T,0.11221563816070557, 0.0907135055296951
AAA45413.1,L,0.04903937131166458, 0.08673899537987179
AAA45413.1,I,0.04386580362915993, 0.09594966222842534
AAA45413.1,T,0.1429772526025772, 0.1121706838409106
AAA45413.1,E,0.16521331667900085, 0.11705513464079963
AAA45413.1,A,0.05692635849118233, 0.12170576552549998
AAA45413.1,E,0.1420276015996933, 0.13238019661770928
AAA45413.1,T,0.1766621321439743, 0.14967987313866615
AAA45413.1,R,0.1645687371492386, 0.15063195137514007
AAA45413.1,G,0.15407131612300873, 0.15573233738541603
AAA45413.1,V,0.14510925114154816, 0.16971220903926426
AAA45413.1,T,0.1995628923177719, 0.16507520029942194
AAA45413.1,G,0.1515459567308426, 0.16058586620622212
AAA45413.1,Y,0.21111679077148438, 0.15831009298563004
AAA45413.1,N,0.18274520337581635, 0.16030845128827625
AAA45413.1,P,0.10029452294111252, 0.16095269802543852
AAA45413.1,M,0.13625812530517578, 0.1549634395374192
AAA45413.1,A,0.1440867781639099, 0.16056829277012083
AAA45413.1,G,0.17205654084682465, 0.15424977160162395
AAA45413.1,P,0.1509074717760086, 0.14680111573802102
AAA45413.1,L,0.14565956592559814, 0.14997590829928717
AAA45413.1,R,0.20198963582515717, 0.15493309911754397
AAA45413.1,M,0.1542501002550125, 0.15791102002064386
AAA45413.1,Q,0.11570730060338974, 0.16010992477337518
AAA45413.1,A,0.12886765599250793, 0.161661420431402
AAA45413.1,N,0.180872842669487, 0.1592963213721911
AAA45413.1,N,0.17088806629180908, 0.15854223486449984
AAA45413.1,P,0.19184668362140656, 0.16413493040535185
AAA45413.1,A,0.16487093269824982, 0.16002975073125628
AAA45413.1,Q,0.1243736743927002, 0.15507822980483374
AAA45413.1,Q,0.19520285725593567, 0.16013071520460975
AAA45413.1,G,0.20458436012268066, 0.15419585837258232
AAA45413.1,L,0.07876068353652954, 0.1371887760857741
AAA45413.1,R,0.08430396765470505, 0.12640273032916916
AAA45413.1,R,0.2263452112674713, 0.12930001111494172
AAA45413.1,E,0.11747435480356216, 0.11145587017138799
AAA45413.1,Y,0.03878294304013252, 0.09030094825559193
AAA45413.1,Q,0.06779652088880539, 0.08939470516310798
AAA45413.1,N,0.15044920146465302, 0.09143143230014378
AAA45413.1,L,0.034605588763952255, 0.06780968244291014
AAA45413.1,W,0.014190062880516052, 0.05641822972231441
AAA45413.1,L,0.07060449570417404, 0.061131960815853544
AAA45413.1,A,0.10263451188802719, 0.06474749330017301
AAA45413.1,A,0.013749462552368641, 0.05344966095354822
AAA45413.1,F,0.014951280318200588, 0.05685373147328695
AAA45413.1,S,0.08120652288198471, 0.06500975704855388
AAA45413.1,T,0.10033631324768066, 0.07022109048234092
AAA45413.1,L,0.04876871034502983, 0.07018163634671105
AAA45413.1,P,0.0652422234416008, 0.0873730881139636
AAA45413.1,G,0.08759429305791855, 0.10189636175831158
AAA45413.1,N,0.1175064966082573, 0.10324222470323245
AAA45413.1,T,0.1022794246673584, 0.1039961547487312
AAA45413.1,R,0.1684725284576416, 0.10657559666368696
AAA45413.1,D,0.14566074311733246, 0.10837491353352864
AAA45413.1,P,0.09331928938627243, 0.10674975978003608
AAA45413.1,S,0.10712168365716934, 0.0969715935902463
AAA45413.1,W,0.0719836875796318, 0.09531985450949934
AAA45413.1,A,0.08143607527017593, 0.08178889399601354
AAA45413.1,A,0.07296790927648544, 0.07225684593949053
AAA45413.1,I,0.029503000900149345, 0.07678690407839087
AAA45413.1,L,0.08741377294063568, 0.08701217609147231
AAA45413.1,Q,0.04669388383626938, 0.0867622033175495
AAA45413.1,G,0.05987231060862541, 0.08541138076947795
AAA45413.1,L,0.13408981263637543, 0.08074111077520582
AAA45413.1,E,0.19914913177490234, 0.08237578326629268
AAA45413.1,E,0.06973393261432648, 0.07805288520952065
AAA45413.1,P,0.06927867233753204, 0.07483005565073755
AAA45413.1,Y,0.03093547932803631, 0.07020726448131932
AAA45413.1,C,0.04421505331993103, 0.06927608760694663
AAA45413.1,A,0.0485076904296875, 0.05486969380742974
AAA45413.1,F,0.017688417807221413, 0.048218843113217086
AAA45413.1,V,0.01826719008386135, 0.04529912987103065
AAA45413.1,E,0.12570922076702118, 0.056418606700996556
AAA45413.1,R,0.06949158757925034, 0.05362803375141488
AAA45413.1,L,0.00987627636641264, 0.051021550161143146
AAA45413.1,N,0.04300125315785408, 0.06046221457007858
AAA45413.1,V,0.1310107707977295, 0.07040961407538918
AAA45413.1,A,0.019099896773695946, 0.06494610829071866
AAA45413.1,L,0.02504933811724186, 0.06585139522535934
AAA45413.1,D,0.10265439748764038, 0.08509289431903097
AAA45413.1,N,0.10779378563165665, 0.1042912354071935
AAA45413.1,G,0.07653766870498657, 0.10890090962251027
AAA45413.1,L,0.07763916999101639, 0.12605228958030543
AAA45413.1,P,0.1830497682094574, 0.13167577899164623
AAA45413.1,E,0.21578632295131683, 0.12855502466360727
AAA45413.1,G,0.17249783873558044, 0.13532164610094494
AAA45413.1,T,0.17346231639385223, 0.13784237454334894
AAA45413.1,P,0.07566074281930923, 0.13430175930261612
AAA45413.1,K,0.07456760853528976, 0.11625826338099109
AAA45413.1,E,0.16869337856769562, 0.10066266585555342
AAA45413.1,P,0.09922422468662262, 0.09160688498781787
AAA45413.1,I,0.04577363282442093, 0.07558690094285542
AAA45413.1,L,0.020658304914832115, 0.06904141853253047
AAA45413.1,R,0.07542594522237778, 0.0681583219104343
AAA45413.1,S,0.09099581092596054, 0.05703181028366089
AAA45413.1,L,0.0292824599891901, 0.05036249135931333
AAA45413.1,A,0.016751401126384735, 0.046555466329058014
AAA45413.1,Y,0.06661973893642426, 0.05366489912072817
AAA45413.1,S,0.06855477392673492, 0.059954214841127396
AAA45413.1,N,0.03920035436749458, 0.058188337832689285
AAA45413.1,A,0.01151040755212307, 0.058641973262031875
AAA45413.1,N,0.08464320003986359, 0.06706706496576469
AAA45413.1,K,0.13202978670597076, 0.0733579635206196
AAA45413.1,E,0.07510291785001755, 0.07346990601056153
AAA45413.1,C,0.03336517885327339, 0.071768076883422
AAA45413.1,Q,0.09257722645998001, 0.08058460822535886
AAA45413.1,K,0.12323782593011856, 0.0795910923431317
AAA45413.1,I,0.06956225633621216, 0.08121488843527105
AAA45413.1,L,0.023883892223238945, 0.08073737658560276
AAA45413.1,Q,0.09085918962955475, 0.09152880538668898
AAA45413.1,A,0.07570155709981918, 0.09772366430196497
AAA45413.1,R,0.14664395153522491, 0.1054649276451932
AAA45413.1,G,0.07080531120300293, 0.106907920497987
AAA45413.1,H,0.13048803806304932, 0.12121230198277368
AAA45413.1,T,0.148330956697464, 0.1203325084514088
AAA45413.1,N,0.19290919601917267, 0.13028156591786277
AAA45413.1,S,0.08254919201135635, 0.1285862641202079
AAA45413.1,P,0.15262332558631897, 0.12328374592794313
AAA45413.1,L,0.08294104784727097, 0.11067941722770532
AAA45413.1,G,0.16524307429790497, 0.10771874027947585
AAA45413.1,E,0.13138623535633087, 0.09118497185409069
AAA45413.1,M,0.02308264747262001, 0.08434021017617649
AAA45413.1,L,0.01704907976090908, 0.07482182524270481
AAA45413.1,R,0.12168486416339874, 0.07310982172687848
AAA45413.1,A,0.04410528019070625, 0.06743926265173489
AAA45413.1,C,0.020946336910128593, 0.0616156371931235
AAA45413.1,Q,0.06695786118507385, 0.07150091065300836
AAA45413.1,A,0.06753301620483398, 0.08942730497154924
AAA45413.1,W,0.11420804262161255, 0.09310919812156095
AAA45413.1,T,0.07897360622882843, 0.10400251609583695
AAA45413.1,P,0.11205010861158371, 0.11431110236379835
AAA45413.1,K,0.1783866286277771, 0.12101874583297306
AAA45413.1,D,0.15482190251350403, 0.12478644318050808
AAA45413.1,K,0.14214514195919037, 0.12530386365122265
AAA45413.1,T,0.11372361332178116, 0.12925257451004452
AAA45413.1,K,0.12732665240764618, 0.13175443725453484
AAA45413.1,V,0.10144229233264923, 0.130592732793755
AAA45413.1,L,0.11886482685804367, 0.13267323126395544
AAA45413.1,V,0.11451200395822525, 0.14176791161298752
AAA45413.1,V,0.13456687331199646, 0.152070681254069
AAA45413.1,Q,0.16793128848075867, 0.15949723455641004
AAA45413.1,P,0.17354638874530792, 0.1686097631851832
AAA45413.1,R,0.22399726510047913, 0.1728622242808342
AAA45413.1,R,0.2064485400915146, 0.1740113902423117
AAA45413.1,P,0.19416563212871552, 0.17617441962162653
AAA45413.1,P,0.18345504999160767, 0.17253755778074265
AAA45413.1,P,0.1571369767189026, 0.1583062004711893
AAA45413.1,T,0.12485449761152267, 0.14384893659088346
AAA45413.1,Q,0.15403413772583008, 0.13787703464428583
AAA45413.1,P,0.13519953191280365, 0.12512501743104723
AAA45413.1,C,0.0454641729593277, 0.10966765094134542
AAA45413.1,F,0.09388189017772675, 0.10632857721712854
AAA45413.1,R,0.15270142257213593, 0.10667702017558946
AAA45413.1,C,0.07939747720956802, 0.09486861237221295
AAA45413.1,G,0.04433875158429146, 0.09195159582628144
AAA45413.1,K,0.12708531320095062, 0.09684175377090772
AAA45413.1,V,0.1279904842376709, 0.09680544378028975
AAA45413.1,G,0.04775846749544144, 0.10009961202740669
AAA45413.1,H,0.10894638299942017, 0.09997540257043308
AAA45413.1,W,0.0894755944609642, 0.09946965260638131
AAA45413.1,S,0.09355510026216507, 0.0961754462785191
AAA45413.1,R,0.18234893679618835, 0.09150251332256529
AAA45413.1,D,0.07827959209680557, 0.09823912133773167
AAA45413.1,C,0.03978700190782547, 0.10926127516561085
AAA45413.1,T,0.09743745625019073, 0.11873975727293226
AAA45413.1,Q,0.08593408763408661, 0.12972998205158445
AAA45413.1,P,0.10838793963193893, 0.1262416284945276
AAA45413.1,R,0.20814576745033264, 0.13177892400158775
AAA45413.1,P,0.174781933426857, 0.13856130010551876
AAA45413.1,P,0.1924671232700348, 0.13220888955725563
AAA45413.1,P,0.1509537547826767, 0.13090871274471283
AAA45413.1,G,0.12811525166034698, 0.12629375358422598
AAA45413.1,P,0.1008283868432045, 0.10931453812453482
AAA45413.1,C,0.0402657613158226, 0.09994449425074789
AAA45413.1,P,0.07423249632120132, 0.08795006531808111
AAA45413.1,L,0.06685330718755722, 0.085044391039345
AAA45413.1,C,0.05533282831311226, 0.0793945619629489
AAA45413.1,Q,0.09045153856277466, 0.079222255696853
AAA45413.1,D,0.08451726287603378, 0.08578801030913989
AAA45413.1,P,0.12480268627405167, 0.08699472124377887
AAA45413.1,S,0.07726678997278214, 0.096091630972094
AAA45413.1,H,0.09927763044834137, 0.09869586262438032
AAA45413.1,W,0.09935755282640457, 0.09447566833761004
AAA45413.1,K,0.08509289473295212, 0.09413834578461117
AAA45413.1,R,0.1487254947423935, 0.09736232211192448
AAA45413.1,D,0.07877091318368912, 0.09780703650580512
AAA45413.1,C,0.05246978998184204, 0.10550160043769413
AAA45413.1,P,0.08148135989904404, 0.11248617784844504
AAA45413.1,Q,0.15381847321987152, 0.12404893504248725
AAA45413.1,L,0.08126921951770782, 0.13185717165470123
AAA45413.1,K,0.1685287058353424, 0.14741765707731247
AAA45413.1,P,0.16221874952316284, 0.1661772189868821
AAA45413.1,P,0.18915770947933197, 0.17403502596749199
AAA45413.1,Q,0.21899962425231934, 0.17739136351479423
AAA45413.1,E,0.21881528198719025, 0.18367822799417707
AAA45413.1,E,0.22130584716796875, 0.17954696383741167
AAA45413.1,G,0.15220162272453308, 0.17277999801768196
AAA45413.1,E,0.18402551114559174, 0.16337857643763223
AAA45413.1,P,0.13785099983215332, 0.15183614277177387
AAA45413.1,L,0.13134732842445374, 0.14134455720583597
AAA45413.1,L,0.10131605714559555, 0.1324657764699724
AAA45413.1,L,0.10454491525888443, 0.13342431684335074
AAA45413.1,D,0.11511772125959396, 0.13031817310386234
AAA45413.1,L,0.12439101189374924, 0.1341251532236735
AAA45413.1,S,0.14139682054519653, 0.1358376426829232
AAA45413.1,S,0.16082848608493805, 0.14392539610465369
AAA45413.1,T,0.15607021749019623, 0.1511878636148241
AAA45413.1,S,0.1721138209104538, 0.16181454807519913
AAA45413.1,G,0.1467597335577011, 0.17132277290026346
AAA45413.1,T,0.17410583794116974, 0.18022743364175162
AAA45413.1,T,0.1699071228504181, 0.18545199102825588
AAA45413.1,E,0.21075788140296936, 0.18501827286349404
AAA45413.1,E,0.2099650353193283, 0.1841086662477917
AAA45413.1,K,0.22153876721858978, 0.18699354430039725
AAA45413.1,N,0.20784950256347656, 0.18551290697521633
AAA45413.1,S,0.15216675400733948, 0.18940803905328116
AAA45413.1,L,0.163927361369133, 0.1823110861910714
AAA45413.1,G,0.17272363603115082, 0.15898163782225716
AAA45413.1,G,0.16078010201454163, 0.13436621924241385
AAA45413.1,E,0.2049633115530014, 0.11127183006869422
AAA45413.1,I,0.14688530564308167, 0.09436441295676762
AAA45415.1,M,0.10288417339324951, 0.060500206218825445
AAA45415.1,G,0.05892346054315567, 0.0712572808067004
AAA45415.1,Q,0.1269669532775879, 0.08834041075574027
AAA45415.1,I,0.11623034626245499, 0.10206551435920927
AAA45415.1,H,0.13949692249298096, 0.11681818051470651
AAA45415.1,G,0.09681367129087448, 0.12105466673771541
AAA45415.1,L,0.15374816954135895, 0.13113398684395683
AAA45415.1,S,0.12352593243122101, 0.1323241906033622
AAA45415.1,P,0.1327739953994751, 0.13460947159263822
AAA45415.1,T,0.1410125494003296, 0.14218105292982525
AAA45415.1,P,0.1496373414993286, 0.14457393520408207
AAA45415.1,I,0.13767878711223602, 0.1425049751996994
AAA45415.1,P,0.13679787516593933, 0.15219691892464957
AAA45415.1,K,0.20764115452766418, 0.1521475546889835
AAA45415.1,A,0.11834961175918579, 0.14737368871768317
AAA45415.1,P,0.13512752950191498, 0.14563807100057602
AAA45415.1,R,0.2107534259557724, 0.1411110775338279
AAA45415.1,G,0.13232971727848053, 0.13947931759887272
AAA45415.1,L,0.09804775565862656, 0.12682836999495825
AAA45415.1,S,0.13401678204536438, 0.117868153585328
AAA45415.1,T,0.09693584591150284, 0.11167673849397236
AAA45415.1,H,0.12211203575134277, 0.10142780509259966
AAA45415.1,H,0.09378262609243393, 0.090775140043762
AAA45415.1,W,0.03770766407251358, 0.08390471753146914
AAA45415.1,L,0.0794047936797142, 0.08170399980412589
AAA45415.1,N,0.11851302534341812, 0.08053619414567947
AAA45415.1,F,0.036455731838941574, 0.07291560413108931
AAA45415.1,L,0.0362139530479908, 0.07594212268789609
AAA45415.1,Q,0.11421032249927521, 0.09323558169934484
AAA45415.1,A,0.08642559498548508, 0.09700718232327038
AAA45415.1,A,0.05352672562003136, 0.10140068787667486
AAA45415.1,Y,0.12102129310369492, 0.1144721723265118
AAA45415.1,R,0.19334879517555237, 0.1247096239692635
AAA45415.1,L,0.11334919929504395, 0.12462547545631726
AAA45415.1,Q,0.15805457532405853, 0.13344247515002886
AAA45415.1,P,0.15409909188747406, 0.14535660627815458
AAA45415.1,G,0.12835101783275604, 0.14202222310834461
AAA45415.1,P,0.1134529858827591, 0.13346596558888754
AAA45415.1,S,0.16577859222888947, 0.1340175817410151
AAA45415.1,D,0.16075390577316284, 0.13436474899450937
AAA45415.1,F,0.09101184457540512, 0.13090334253178704
AAA45415.1,D,0.11634247750043869, 0.12104001765449841
AAA45415.1,F,0.1183137446641922, 0.12324257153603765
AAA45415.1,Q,0.1611790806055069, 0.12370297436912854
AAA45415.1,Q,0.12294643372297287, 0.11225552236040433
AAA45415.1,L,0.039581093937158585, 0.10683310983909501
AAA45415.1,R,0.13327597081661224, 0.1089227402375804
AAA45415.1,R,0.16992221772670746, 0.10922973561618063
AAA45415.1,F,0.05772683769464493, 0.0971969763437907
AAA45415.1,L,0.042210131883621216, 0.09789328359895283
AAA45415.1,K,0.13514915108680725, 0.111250389367342
AAA45415.1,L,0.12107670307159424, 0.10818113096886212
AAA45415.1,A,0.05288424715399742, 0.10036832383937305
AAA45415.1,L,0.12921319901943207, 0.10708051381839646
AAA45415.1,K,0.15979504585266113, 0.11671576855911149
AAA45415.1,T,0.10565264523029327, 0.11071447407205899
AAA45415.1,P,0.099606953561306, 0.10932994426952468
AAA45415.1,I,0.11813654750585556, 0.11640996403164333
AAA45415.1,W,0.12892742455005646, 0.119203163517846
AAA45415.1,L,0.08113750070333481, 0.10946324384874767
AAA45415.1,N,0.1086159348487854, 0.10512834539016087
AAA45415.1,P,0.11660442501306534, 0.10433486104011536
AAA45415.1,I,0.15435199439525604, 0.10234865463442272
AAA45415.1,D,0.07213576883077621, 0.09254078939557076
AAA45415.1,Y,0.06663855910301208, 0.09106780298882061
AAA45415.1,S,0.0924655944108963, 0.09185342780417866
AAA45415.1,L,0.10026068985462189, 0.08799299225211143
AAA45415.1,L,0.04065663740038872, 0.07771254123912917
AAA45415.1,A,0.06788062304258347, 0.08110291303859817
AAA45415.1,S,0.1156865581870079, 0.09528706181380484
AAA45415.1,L,0.0818605050444603, 0.09983634990122583
AAA45415.1,I,0.06182793527841568, 0.10450695662034883
AAA45415.1,P,0.10264911502599716, 0.11396945930189556
AAA45415.1,K,0.19429589807987213, 0.12005670285887188
AAA45415.1,G,0.13340918719768524, 0.12173713743686676
AAA45415.1,Y,0.14229615032672882, 0.11826012863053216
AAA45415.1,P,0.1258191615343094, 0.12274743285444048
AAA45415.1,G,0.12266581505537033, 0.12422116431925032
AAA45415.1,R,0.1308104693889618, 0.1063867567314042
AAA45415.1,V,0.05056742578744888, 0.09633060254984432
AAA45415.1,V,0.10221367329359055, 0.09145834089981185
AAA45415.1,E,0.11591269820928574, 0.08571139184965028
AAA45415.1,I,0.03378622978925705, 0.07668915432360437
AAA45415.1,I,0.042903799563646317, 0.07262332530485259
AAA45415.1,N,0.09844579547643661, 0.08152413078480297
AAA45415.1,I,0.07409662008285522, 0.08368218648764822
AAA45415.1,L,0.041465677320957184, 0.08583916516767608
AAA45415.1,V,0.09421800822019577, 0.09768763391507997
AAA45415.1,K,0.13067467510700226, 0.10932577318615383
AAA45415.1,N,0.12163617461919785, 0.11883595337470372
AAA45415.1,Q,0.13532550632953644, 0.13298078295257357
AAA45415.1,V,0.14042244851589203, 0.14589122931162515
AAA45415.1,S,0.14764705300331116, 0.15748907542890972
AAA45415.1,P,0.18403741717338562, 0.1627548543943299
AAA45415.1,S,0.20140008628368378, 0.16758915119700962
AAA45415.1,A,0.15765969455242157, 0.17413783238993752
AAA45415.1,P,0.19859862327575684, 0.18049205839633942
AAA45415.1,A,0.178066685795784, 0.18676640258895028
AAA45415.1,A,0.16514484584331512, 0.18705757955710092
AAA45415.1,P,0.19426363706588745, 0.18776179518964556
AAA45415.1,V,0.19761048257350922, 0.1904111769464281
AAA45415.1,P,0.20411615073680878, 0.18588377204206255
AAA45415.1,T,0.18665800988674164, 0.1864695731136534
AAA45415.1,P,0.2077380269765854, 0.1905597315894233
AAA45415.1,I,0.18150413036346436, 0.19265823562939963
AAA45415.1,C,0.15785197913646698, 0.1941816078291999
AAA45415.1,P,0.18333889544010162, 0.19279532962375218
AAA45415.1,T,0.20195627212524414, 0.19315696921613482
AAA45415.1,T,0.21315017342567444, 0.1934404191043642
AAA45415.1,T,0.21132083237171173, 0.19724518060684204
AAA45415.1,P,0.19163964688777924, 0.20320301254590353
AAA45415.1,P,0.18991276621818542, 0.20702343848016527
AAA45415.1,P,0.21028907597064972, 0.20981769926018184
AAA45415.1,P,0.21574698388576508, 0.2088675879769855
AAA45415.1,P,0.21147246658802032, 0.20859779086377886
AAA45415.1,P,0.21772272884845734, 0.21250731746355692
AAA45415.1,P,0.22710461914539337, 0.20854881571398842
AAA45415.1,S,0.20459917187690735, 0.20642278426223332
AAA45415.1,P,0.20889265835285187, 0.20151266621218789
AAA45415.1,E,0.22682538628578186, 0.20022674567169613
AAA45415.1,A,0.1542862504720688, 0.19890626768271127
AAA45415.1,H,0.19115479290485382, 0.1945849226580726
AAA45415.1,V,0.17155592143535614, 0.19612041446897718
AAA45415.1,P,0.19989918172359467, 0.1919973310497072
AAA45415.1,P,0.2058384269475937, 0.18866178393363953
AAA45415.1,P,0.18821251392364502, 0.19148332708411747
AAA45415.1,Y,0.21841859817504883, 0.18936768505308363
AAA45415.1,V,0.171784907579422, 0.18704181247287327
AAA45415.1,E,0.1968054622411728, 0.17919497357474434
AAA45415.1,P,0.17968013882637024, 0.17121386693583596
AAA45415.1,T,0.17211401462554932, 0.16096570591131845
AAA45415.1,T,0.15062306821346283, 0.14579580310318205
AAA45415.1,T,0.12927763164043427, 0.13827551239066654
AAA45415.1,Q,0.1340084671974182, 0.12349472608831194
AAA45415.1,C,0.09597906470298767, 0.11158035447200139
AAA45415.1,F,0.08188947290182114, 0.10597872237364452
AAA45415.1,P,0.10410229116678238, 0.10506592525376214
AAA45415.1,I,0.06377838551998138, 0.1148842606279585
AAA45415.1,L,0.07245079427957535, 0.12173830138312446
AAA45415.1,H,0.12169932574033737, 0.12815793852011362
AAA45415.1,P,0.14240789413452148, 0.1438679504725668
AAA45415.1,P,0.2176426500082016, 0.14973348710272047
AAA45415.1,G,0.19569483399391174, 0.15637903577751583
AAA45415.1,A,0.1537557989358902, 0.1607919227745798
AAA45415.1,P,0.22327958047389984, 0.16726348963048723
AAA45415.1,S,0.15689212083816528, 0.16190850734710693
AAA45415.1,A,0.12358832359313965, 0.14287553934587371
AAA45415.1,H,0.11216677725315094, 0.13280969485640526
AAA45415.1,R,0.17994342744350433, 0.12816925884948838
AAA45415.1,P,0.09421305358409882, 0.12069004815485743
AAA45415.1,W,0.04634593799710274, 0.1133410893380642
AAA45415.1,Q,0.10510223358869553, 0.10128048186500867
AAA45415.1,M,0.11199187487363815, 0.10004131206207806
AAA45415.1,K,0.15596668422222137, 0.08864868556459744
AAA45415.1,D,0.09075149148702621, 0.08005139273073938
AAA45415.1,L,0.015042856335639954, 0.08262048247787687
AAA45415.1,Q,0.10101424902677536, 0.083719402551651
AAA45415.1,A,0.0774097889661789, 0.07890905688206355
AAA45415.1,I,0.01683741807937622, 0.06401770272188717
AAA45415.1,K,0.06946774572134018, 0.06476649600598547
AAA45415.1,Q,0.11499251425266266, 0.07415788579318258
AAA45415.1,E,0.06869876384735107, 0.07010783875981967
AAA45415.1,V,0.021944496780633926, 0.07263059955504206
AAA45415.1,S,0.09749063104391098, 0.08324862312939432
AAA45415.1,S,0.09956536442041397, 0.08580379477805561
AAA45415.1,S,0.0645638257265091, 0.07957481510109371
AAA45415.1,A,0.10011463612318039, 0.08358073482910792
AAA45415.1,P,0.1123996302485466, 0.09068152515424623
AAA45415.1,G,0.09246429055929184, 0.08434147429135111
AAA45415.1,S,0.05893169716000557, 0.08014074423246914
AAA45415.1,P,0.10475204139947891, 0.08742743358016014
AAA45415.1,Q,0.08585160970687866, 0.08128062263131142
AAA45415.1,F,0.04043017327785492, 0.07051512992216481
AAA45415.1,M,0.06175879389047623, 0.07290337214039432
AAA45415.1,Q,0.13014402985572815, 0.07464905600580904
AAA45415.1,T,0.04479333758354187, 0.0650648766507705
AAA45415.1,L,0.01551019586622715, 0.059601589002543025
AAA45415.1,R,0.11395847052335739, 0.06421027229064041
AAA45415.1,L,0.0746428519487381, 0.06911461034582721
AAA45415.1,A,0.01849442720413208, 0.06353198964562681
AAA45415.1,V,0.036682020872831345, 0.0687828061895238
AAA45415.1,Q,0.08190832287073135, 0.07116296721829309
AAA45415.1,Q,0.10589783638715744, 0.06647180683083004
AAA45415.1,F,0.07990044355392456, 0.06446206528279516
AAA45415.1,D,0.09205068647861481, 0.07312975534134442
AAA45415.1,P,0.03693164512515068, 0.07525007136993939
AAA45415.1,T,0.07173802703619003, 0.06851223752730423
AAA45415.1,A,0.05655517801642418, 0.06334393285214901
AAA45415.1,K,0.09650363773107529, 0.061376884372697935
AAA45415.1,D,0.05576486513018608, 0.05276692213697566
AAA45415.1,L,0.02126781828701496, 0.050047928363912635
AAA45415.1,Q,0.0593830943107605, 0.05304475801272525
AAA45415.1,D,0.0621970072388649, 0.05464600740621487
AAA45415.1,L,0.014561026357114315, 0.04729742111845149
AAA45415.1,L,0.012460701167583466, 0.04425135368688239
AAA45415.1,Q,0.09870949387550354, 0.05006806645542383
AAA45415.1,Y,0.07096642255783081, 0.0573323510794176
AAA45415.1,L,0.030366361141204834, 0.060227609446479216
AAA45415.1,C,0.028350258246064186, 0.06337604402667946
AAA45415.1,S,0.07361823320388794, 0.06722630084388787
AAA45415.1,S,0.1247616559267044, 0.06510037370026112
AAA45415.1,L,0.08825433254241943, 0.06260490893489784
AAA45415.1,V,0.04289693757891655, 0.06219389662146568
AAA45415.1,V,0.04711301252245903, 0.06661839555535051
AAA45415.1,S,0.07957614958286285, 0.06874816223151153
AAA45415.1,L,0.048507239669561386, 0.06146118603646755
AAA45415.1,H,0.02666725032031536, 0.05504999454650614
AAA45415.1,H,0.06817074865102768, 0.06369524552590317
AAA45415.1,Q,0.09278613328933716, 0.07093298580083582
AAA45415.1,Q,0.05917887017130852, 0.0675554492821296
AAA45415.1,L,0.030553609132766724, 0.06703895765046279
AAA45415.1,N,0.12070419639348984, 0.07997478834456867
AAA45415.1,T,0.11225267499685287, 0.09079076225558917
AAA45415.1,L,0.04917832091450691, 0.0868044031990899
AAA45415.1,I,0.04385881498456001, 0.0960064683523443
AAA45415.1,T,0.14308972656726837, 0.11227439882026778
AAA45415.1,E,0.1655145138502121, 0.11717483359906408
AAA45415.1,A,0.056908901780843735, 0.12180242646071646
AAA45415.1,E,0.14199745655059814, 0.13245946168899536
AAA45415.1,T,0.17696498334407806, 0.14979430991742346
AAA45415.1,R,0.16480810940265656, 0.1507434178557661
AAA45415.1,G,0.15390101075172424, 0.15579384192824364
AAA45415.1,V,0.14509163796901703, 0.16978289849228329
AAA45415.1,T,0.1998724490404129, 0.1651583438118299
AAA45415.1,G,0.151631698012352, 0.1606284355123838
AAA45415.1,Y,0.21096833050251007, 0.15833437028858396
AAA45415.1,N,0.18281041085720062, 0.1603725312484635
AAA45415.1,P,0.10037646442651749, 0.16104082680410808
AAA45415.1,M,0.1361958086490631, 0.1550171598792076
AAA45415.1,A,0.14416152238845825, 0.16062736097309324
AAA45415.1,G,0.17224445939064026, 0.15435079650746453
AAA45415.1,P,0.15110629796981812, 0.1468993913796213
AAA45415.1,L,0.1456594467163086, 0.15005535880724588
AAA45415.1,R,0.2021235078573227, 0.15508405367533365
AAA45415.1,M,0.1544792503118515, 0.15811039672957528
AAA45415.1,Q,0.11574776470661163, 0.1603600432475408
AAA45415.1,A,0.12878017127513885, 0.16193959448072645
AAA45415.1,N,0.18145406246185303, 0.15956583039628136
AAA45415.1,N,0.1713986098766327, 0.15883530759149128
AAA45415.1,P,0.19249127805233002, 0.1644412966238128
AAA45415.1,A,0.16532225906848907, 0.16033269630538094
AAA45415.1,Q,0.12429556995630264, 0.15538147588570914
AAA45415.1,Q,0.19554880261421204, 0.16039406756560007
AAA45415.1,G,0.20493315160274506, 0.15441648248169157
AAA45415.1,L,0.07877036184072495, 0.1373271726899677
AAA45415.1,R,0.08421918749809265, 0.12646039740906823
AAA45415.1,R,0.22656738758087158, 0.12940743731127846
AAA45415.1,E,0.11760034412145615, 0.11152832872337765
AAA45415.1,Y,0.03868748992681503, 0.09032575196276109
AAA45415.1,Q,0.06752128154039383, 0.08936969014919466
AAA45415.1,N,0.15081892907619476, 0.09144875810792048
AAA45415.1,L,0.03463682532310486, 0.0677975948072142
AAA45415.1,W,0.01410996075719595, 0.05638385584784879
AAA45415.1,L,0.07016580551862717, 0.061119273511899844
AAA45415.1,A,0.10293079912662506, 0.0647794341461526
AAA45415.1,A,0.013706917874515057, 0.05342280719843176
AAA45415.1,F,0.014876693487167358, 0.05682862570716275
AAA45415.1,S,0.08130624890327454, 0.06497430915219916
AAA45415.1,T,0.10046272724866867, 0.07025852002617386
AAA45415.1,L,0.04860928654670715, 0.07020335675527652
AAA45415.1,P,0.06528919190168381, 0.08737171855237749
AAA45415.1,G,0.08742111176252365, 0.1018524964650472
AAA45415.1,N,0.11772370338439941, 0.10320485217703713
AAA45415.1,T,0.10243432968854904, 0.10396019866069157
AAA45415.1,R,0.16822217404842377, 0.10655925340122646
AAA45415.1,D,0.14520369470119476, 0.1083597524298562
AAA45415.1,P,0.09347745031118393, 0.1067579338947932
AAA45415.1,S,0.10726084560155869, 0.09695900479952495
AAA45415.1,W,0.07200077921152115, 0.09534728113147947
AAA45415.1,A,0.08149368315935135, 0.08182481427987416
AAA45415.1,A,0.07300474494695663, 0.07234350798858537
AAA45415.1,I,0.02953334152698517, 0.07692158098022144
AAA45415.1,L,0.08792881667613983, 0.08713709438840549
AAA45415.1,Q,0.04651997238397598, 0.08686616064773665
AAA45415.1,G,0.059871938079595566, 0.08550878490010898
AAA45415.1,L,0.1346801072359085, 0.08081323591371377
AAA45415.1,E,0.19920046627521515, 0.08243562177651459
AAA45415.1,E,0.06956237554550171, 0.07803604855305618
AAA45415.1,P,0.06927730143070221, 0.0748215928259823
AAA45415.1,Y,0.030744804069399834, 0.07018599183195168
AAA45415.1,C,0.04413481429219246, 0.06918487056261963
AAA45415.1,A,0.04833265766501427, 0.054762660836180053
AAA45415.1,F,0.01758987084031105, 0.04812673293054104
AAA45415.1,V,0.018151529133319855, 0.04519575565225548
AAA45415.1,E,0.12567001581192017, 0.05633627292182711
AAA45415.1,R,0.06940057873725891, 0.053551302601893745
AAA45415.1,L,0.009839024394750595, 0.05095095870395502
AAA45415.1,N,0.0428985059261322, 0.06037340209715896
AAA45415.1,V,0.13100945949554443, 0.07030128915276793
AAA45415.1,A,0.019070081412792206, 0.0648063634418779
AAA45415.1,L,0.024929562583565712, 0.06572377081546518
AAA45415.1,D,0.10239186137914658, 0.08496543702979882
AAA45415.1,N,0.1075025126338005, 0.10420462592608398
AAA45415.1,G,0.07621568441390991, 0.10885228816833761
AAA45415.1,L,0.07765724509954453, 0.1260085174192985
AAA45415.1,P,0.18301402032375336, 0.1316765919327736
AAA45415.1,E,0.21605120599269867, 0.12859531657563317
AAA45415.1,G,0.17283841967582703, 0.13544782333903843
AAA45415.1,T,0.17347614467144012, 0.13800491475396687
AAA45415.1,P,0.07594223320484161, 0.1344451109568278
AAA45415.1,K,0.07466038316488266, 0.11640454725258881
AAA45415.1,E,0.16917507350444794, 0.10077934277554353
AAA45415.1,P,0.09922950714826584, 0.09169921837747097
AAA45415.1,I,0.04561901092529297, 0.07567931421928936
AAA45415.1,L,0.02064894698560238, 0.06909952995677789
AAA45415.1,R,0.07542436569929123, 0.06820084837575753
AAA45415.1,S,0.09111730009317398, 0.05703243137233787
AAA45415.1,L,0.029297007247805595, 0.05036428301698632
AAA45415.1,A,0.016724174842238426, 0.0465745579244362
AAA45415.1,Y,0.06657224893569946, 0.05369575104365746
AAA45415.1,S,0.06865932047367096, 0.05995119476897849
AAA45415.1,N,0.03921617195010185, 0.05819290659079949
AAA45415.1,A,0.0115114850923419, 0.05863339836812682
AAA45415.1,N,0.08473968505859375, 0.06702985686974393
AAA45415.1,K,0.13172335922718048, 0.07331648458623224
AAA45415.1,E,0.07529270648956299, 0.07342543690982792
AAA45415.1,C,0.033261433243751526, 0.07170998480998808
AAA45415.1,Q,0.09229230135679245, 0.08052308505607976
AAA45415.1,K,0.12315189838409424, 0.07953912826875846
AAA45415.1,I,0.0696398913860321, 0.08117442474597031
AAA45415.1,L,0.023777103051543236, 0.08069519015649955
AAA45415.1,Q,0.09082938730716705, 0.0915070323066579
AAA45415.1,A,0.07588407397270203, 0.09780178032815456
AAA45415.1,R,0.1464410275220871, 0.10556796917484866
AAA45415.1,G,0.07097959518432617, 0.10702165443864134
AAA45415.1,H,0.1305680125951767, 0.12137259956863192
AAA45415.1,T,0.14894503355026245, 0.1205321020550198
AAA45415.1,N,0.19304759800434113, 0.13050301207436454
AAA45415.1,S,0.08272305876016617, 0.1288527167505688
AAA45415.1,P,0.15293560922145844, 0.12353025438884895
AAA45415.1,L,0.08326490968465805, 0.11091447414623366
AAA45415.1,G,0.1656222641468048, 0.10785012650820944
AAA45415.1,E,0.13158836960792542, 0.09130048503478368
AAA45415.1,M,0.023077433928847313, 0.08441814076569346
AAA45415.1,L,0.017025990411639214, 0.07483744000395139
AAA45415.1,R,0.12136590480804443, 0.07309696616397963
AAA45415.1,A,0.04410082474350929, 0.06737313460972574
AAA45415.1,C,0.02078196033835411, 0.06155872055225902
AAA45415.1,Q,0.06670930236577988, 0.07144673727452755
AAA45415.1,A,0.06760064512491226, 0.08941226618157493
AAA45415.1,W,0.11410778015851974, 0.09314243578248554
AAA45415.1,T,0.07925864309072495, 0.10406477294034427
AAA45415.1,P,0.11206958442926407, 0.11442804833253224
AAA45415.1,K,0.1787157505750656, 0.12120983915196525
AAA45415.1,D,0.15493743121623993, 0.12496205336517757
AAA45415.1,K,0.14240185916423798, 0.12547744893365437
AAA45415.1,T,0.1140514388680458, 0.1293743865357505
AAA45415.1,K,0.12774541974067688, 0.1318286864293946
AAA45415.1,V,0.10137057304382324, 0.130577323337396
AAA45415.1,L,0.11874634027481079, 0.13261580881145266
AAA45415.1,V,0.11433108150959015, 0.14172043982479307
AAA45415.1,V,0.13415828347206116, 0.1519362578789393
AAA45415.1,Q,0.16745348274707794, 0.1593479961156845
AAA45415.1,P,0.17328380048274994, 0.16846282283465067
AAA45415.1,R,0.22434353828430176, 0.1727354493406084
AAA45415.1,R,0.20599380135536194, 0.17406058311462402
AAA45415.1,P,0.19445106387138367, 0.17626051935884687
AAA45415.1,P,0.18340401351451874, 0.17286826173464456
AAA45415.1,P,0.15719997882843018, 0.1585344767404927
AAA45415.1,T,0.1262572854757309, 0.14401183732681805
AAA45415.1,Q,0.15395770967006683, 0.13823068680034745
AAA45415.1,P,0.1369231641292572, 0.12542451380027664
AAA45415.1,C,0.044279735535383224, 0.10998536770542462
AAA45415.1,F,0.0936397835612297, 0.10638887393805715
AAA45415.1,R,0.15396344661712646, 0.1076194913023048
AAA45415.1,C,0.07919550687074661, 0.09570349877079327
AAA45415.1,G,0.044451698660850525, 0.09285001084208488
AAA45415.1,K,0.12483153492212296, 0.09805488006936179
AAA45415.1,I,0.13733284175395966, 0.09820603413714303
AAA45415.1,G,0.046713776886463165, 0.10148021164867613
AAA45415.1,H,0.11124177277088165, 0.10147612707482444
AAA45415.1,W,0.0911235585808754, 0.10095640727215344
AAA45415.1,S,0.09500017017126083, 0.09801681463917096
AAA45415.1,R,0.18343104422092438, 0.09229283821251658
AAA45415.1,D,0.07915874570608139, 0.09926802044113477
AAA45415.1,C,0.03977422043681145, 0.1101606401304404
AAA45415.1,T,0.09837520122528076, 0.11951659992337227
AAA45415.1,Q,0.08581705391407013, 0.13041742435759968
AAA45415.1,P,0.10949041694402695, 0.1268884071873294
AAA45415.1,R,0.20927534997463226, 0.13239149459534222
AAA45415.1,P,0.17532719671726227, 0.1391463279724121
AAA45415.1,P,0.19310759007930756, 0.13270815213521323
AAA45415.1,P,0.15166988968849182, 0.13140631135967043
AAA45415.1,G,0.12868653237819672, 0.12669137203031117
AAA45415.1,P,0.10056772083044052, 0.10959652935465176
AAA45415.1,C,0.04043161869049072, 0.10016809859209591
AAA45415.1,P,0.07410048693418503, 0.08818807991014586
AAA45415.1,L,0.06705596297979355, 0.08520821440551016
AAA45415.1,C,0.05542176589369774, 0.07954611836208238
AAA45415.1,Q,0.09047131985425949, 0.07940170955326822
AAA45415.1,D,0.0852874219417572, 0.08607287580768268
AAA45415.1,P,0.12485110014677048, 0.08735243355234464
AAA45415.1,S,0.07772766798734665, 0.09651190828945902
AAA45415.1,H,0.09926804155111313, 0.09916695124573177
AAA45415.1,W,0.1004721149802208, 0.0949514288869169
AAA45415.1,K,0.08561650663614273, 0.09453705739643839
AAA45415.1,R,0.14949123561382294, 0.09770620572898123
AAA45415.1,D,0.07931715250015259, 0.09809079973234071
AAA45415.1,C,0.05253161862492561, 0.10580996299783389
AAA45415.1,P,0.08155807852745056, 0.11269038129183981
AAA45415.1,Q,0.15337343513965607, 0.12422273183862369
AAA45415.1,L,0.08118901401758194, 0.13196126744151115
AAA45415.1,K,0.16874051094055176, 0.14754979933301607
AAA45415.1,P,0.1623958796262741, 0.16640323648850122
AAA45415.1,P,0.18940766155719757, 0.1742961448099878
AAA45415.1,Q,0.21913805603981018, 0.17772551791535485
AAA45415.1,E,0.2196139395236969, 0.18406033681498635
AAA45415.1,E,0.222212553024292, 0.17993130948808458
AAA45415.1,G,0.15259425342082977, 0.17319778932465446
AAA45415.1,E,0.1842377930879593, 0.16381914913654327
AAA45415.1,P,0.13820238411426544, 0.15234745707776812
AAA45415.1,L,0.13157926499843597, 0.14180709587203133
AAA45415.1,L,0.10179419815540314, 0.13285066684087118
AAA45415.1,L,0.10499989986419678, 0.13378474944167668
AAA45415.1,D,0.11589282751083374, 0.13065675066577065
AAA45415.1,L,0.12475068867206573, 0.13440083960692087
AAA45415.1,S,0.1416046917438507, 0.13610605067676967
AAA45415.1,S,0.16100099682807922, 0.1441886540916231
AAA45415.1,T,0.156085804104805, 0.1513832708199819
AAA45415.1,S,0.17189918458461761, 0.16192371480994755
AAA45415.1,G,0.1469261646270752, 0.17144194576475355
AAA45415.1,T,0.17453762888908386, 0.1803630010949241
AAA45415.1,T,0.16975145041942596, 0.18564375241597494
AAA45415.1,E,0.2107568234205246, 0.18523506654633415
AAA45415.1,E,0.21041476726531982, 0.18432682421472338
AAA45415.1,K,0.22189418971538544, 0.18722785181469387
AAA45415.1,N,0.20852775871753693, 0.18571869366698796
AAA45415.1,S,0.15240763127803802, 0.1897291855679618
AAA45415.1,L,0.16372500360012054, 0.1826946967177921
AAA45415.1,G,0.1730354130268097, 0.15931527813275656
AAA45415.1,G,0.16095520555973053, 0.1346603681643804
AAA45415.1,E,0.2058458775281906, 0.11149061719576518
AAA45415.1,I,0.1474464237689972, 0.09455643594264984
AAD34841.1,M,0.10454244911670685, 0.06145187094807625
AAD34841.1,G,0.061520423740148544, 0.07230959460139275
AAD34841.1,Q,0.12853477895259857, 0.0896051786839962
AAD34841.1,I,0.1176939383149147, 0.10353569645020697
AAD34841.1,H,0.14077524840831757, 0.11845399232374297
AAD34841.1,G,0.09771951287984848, 0.12261391638053788
AAD34841.1,L,0.1556602567434311, 0.1325952112674713
AAD34841.1,S,0.1253746598958969, 0.13375687102476755
AAD34841.1,P,0.13426466286182404, 0.13603668991062376
AAD34841.1,T,0.14198176562786102, 0.14370525959465238
AAD34841.1,P,0.15135207772254944, 0.14613516628742218
AAD34841.1,I,0.13898971676826477, 0.1439502371682061
AAD34841.1,P,0.13821230828762054, 0.15361943509843615
AAD34841.1,K,0.2097923755645752, 0.15359775556458366
AAD34841.1,A,0.11958867311477661, 0.14893208692471185
AAD34841.1,P,0.13599589467048645, 0.14710969312323463
AAD34841.1,R,0.21239744126796722, 0.14246726284424463
AAD34841.1,G,0.1340695470571518, 0.14079605374071333
AAD34841.1,L,0.09999074786901474, 0.1279992370141877
AAD34841.1,S,0.13495053350925446, 0.11897801028357612
AAD34841.1,T,0.09720784425735474, 0.11278220928377575
AAD34841.1,H,0.12317142635583878, 0.10254944695366754
AAD34841.1,H,0.09462102502584457, 0.09182838888631926
AAD34841.1,W,0.03839763253927231, 0.084804634253184
AAD34841.1,L,0.08023368567228317, 0.0825640360514323
AAD34841.1,N,0.12030258029699326, 0.08150648160113229
AAD34841.1,F,0.03758002445101738, 0.07382651832368639
AAD34841.1,L,0.03677695617079735, 0.07683778636985356
AAD34841.1,Q,0.11478514969348907, 0.09418141759104198
AAD34841.1,A,0.0876898542046547, 0.09800539331303702
AAD34841.1,A,0.054051756858825684, 0.10232743289735582
AAD34841.1,Y,0.12172243744134903, 0.11542677589588696
AAD34841.1,R,0.19449031352996826, 0.12567494064569473
AAD34841.1,L,0.1146494671702385, 0.12563829289542305
AAD34841.1,Q,0.15920093655586243, 0.13436885757578743
AAD34841.1,P,0.15547411143779755, 0.1463346572385894
AAD34841.1,G,0.12901043891906738, 0.1430610567331314
AAD34841.1,P,0.11445531994104385, 0.1344547611143854
AAD34841.1,S,0.16626493632793427, 0.13492196053266525
AAD34841.1,D,0.16174395382404327, 0.13526991423633364
AAD34841.1,F,0.09226003289222717, 0.13172691646549436
AAD34841.1,D,0.11703365296125412, 0.1218433135913478
AAD34841.1,F,0.11885426193475723, 0.12404157511062092
AAD34841.1,Q,0.16233251988887787, 0.1246093755794896
AAD34841.1,Q,0.12358713150024414, 0.1131381740172704
AAD34841.1,L,0.040058013051748276, 0.10764661596881019
AAD34841.1,R,0.13423967361450195, 0.10982976936631733
AAD34841.1,R,0.17137514054775238, 0.11018043839269215
AAD34841.1,F,0.05850313976407051, 0.09812019144495328
AAD34841.1,L,0.042836010456085205, 0.09892842711673842
AAD34841.1,K,0.13668203353881836, 0.11233535160621007
AAD34841.1,L,0.12201028317213058, 0.10927210996548335
AAD34841.1,A,0.053790297359228134, 0.10136001391543283
AAD34841.1,L,0.13086125254631042, 0.10819995858603054
AAD34841.1,K,0.1607203334569931, 0.11790537958343823
AAD34841.1,T,0.10667049884796143, 0.11177988060646588
AAD34841.1,P,0.10016627609729767, 0.11039245252807935
AAD34841.1,I,0.12006264179944992, 0.11757549560732311
AAD34841.1,W,0.13018479943275452, 0.12038652350505193
AAD34841.1,L,0.08155254274606705, 0.11062686642011006
AAD34841.1,N,0.10952343046665192, 0.10617870009607738
AAD34841.1,P,0.11843768507242203, 0.10542100585169262
AAD34841.1,I,0.15616050362586975, 0.10332273940245311
AAD34841.1,D,0.07288341969251633, 0.09340991038415167
AAD34841.1,Y,0.06663700193166733, 0.09198863762948248
AAD34841.1,S,0.09334702789783478, 0.09275988613565762
AAD34841.1,L,0.10117824375629425, 0.08883998004926576
AAD34841.1,L,0.04096933826804161, 0.0784522191517883
AAD34841.1,A,0.06876108795404434, 0.08194866155584653
AAD34841.1,S,0.11646466702222824, 0.09630855379833116
AAD34841.1,L,0.08315853029489517, 0.1009865150683456
AAD34841.1,I,0.06267065554857254, 0.10567372664809227
AAD34841.1,P,0.10435140132904053, 0.11525087886386448
AAD34841.1,K,0.19587603211402893, 0.12139743400944604
AAD34841.1,G,0.13544867932796478, 0.12318034718434016
AAD34841.1,Y,0.14336314797401428, 0.11961988401081827
AAD34841.1,P,0.12716370820999146, 0.12421231923831834
AAD34841.1,G,0.12408008426427841, 0.12578638022144636
AAD34841.1,R,0.13251088559627533, 0.10786878648731443
AAD34841.1,V,0.051114361733198166, 0.09767387807369232
AAD34841.1,V,0.10400257259607315, 0.09294716268777847
AAD34841.1,E,0.11851795017719269, 0.08722240808937284
AAD34841.1,I,0.03461768850684166, 0.07815058074063724
AAD34841.1,I,0.04369450360536575, 0.07409616104430622
AAD34841.1,N,0.10082270950078964, 0.0831746177540885
AAD34841.1,I,0.07564091682434082, 0.08538679281870525
AAD34841.1,L,0.042433638125658035, 0.08752315905359057
AAD34841.1,V,0.09602110832929611, 0.09946765378117561
AAD34841.1,K,0.1328204721212387, 0.11115062526530689
AAD34841.1,N,0.12391214817762375, 0.12064970740013653
AAD34841.1,Q,0.13774524629116058, 0.13473460285200012
AAD34841.1,V,0.14211814105510712, 0.14768267505698734
AAD34841.1,S,0.1488412469625473, 0.15925602697663838
AAD34841.1,P,0.1863144487142563, 0.16438370198011398
AAD34841.1,S,0.20240497589111328, 0.16906064252058664
AAD34841.1,A,0.1589662879705429, 0.1755195359388987
AAD34841.1,P,0.2001812756061554, 0.1818810866938697
AAD34841.1,A,0.17896954715251923, 0.1881779200500912
AAD34841.1,A,0.16600461304187775, 0.18836356699466705
AAD34841.1,P,0.19587528705596924, 0.18914968934324053
AAD34841.1,V,0.1993720978498459, 0.19180335766739315
AAD34841.1,P,0.20551274716854095, 0.18723068800237444
AAD34841.1,T,0.18798527121543884, 0.18795292576154074
AAD34841.1,P,0.20948007702827454, 0.19222907721996307
AAD34841.1,I,0.18284930288791656, 0.19447207947572073
AAD34841.1,C,0.15902724862098694, 0.19608642492029402
AAD34841.1,P,0.18546968698501587, 0.19478477868768904
AAD34841.1,T,0.20448997616767883, 0.19521902998288473
AAD34841.1,T,0.21606230735778809, 0.19546401997407278
AAD34841.1,T,0.21390120685100555, 0.19929522441493142
AAD34841.1,P,0.19379793107509613, 0.20530497034390768
AAD34841.1,P,0.1918935328722, 0.20904379420810276
AAD34841.1,P,0.21168498694896698, 0.21182072328196633
AAD34841.1,P,0.21733014285564423, 0.210799483789338
AAD34841.1,P,0.21311496198177338, 0.21045639283127254
AAD34841.1,P,0.2191191017627716, 0.21433262526988983
AAD34841.1,P,0.22948233783245087, 0.21021561986870235
AAD34841.1,S,0.2068711519241333, 0.2081596569882499
AAD34841.1,P,0.21081338822841644, 0.2031995736890369
AAD34841.1,E,0.22868402302265167, 0.2019296106364992
AAD34841.1,A,0.15484048426151276, 0.20064428283108604
AAD34841.1,H,0.19318132102489471, 0.19626371231344011
AAD34841.1,V,0.17268939316272736, 0.197786346077919
AAD34841.1,P,0.20168529450893402, 0.19360153873761496
AAD34841.1,P,0.20755115151405334, 0.1903131885661019
AAD34841.1,P,0.1900572031736374, 0.19314011765850914
AAD34841.1,Y,0.22057485580444336, 0.19084684881899092
AAD34841.1,V,0.17315012216567993, 0.1885252661175198
AAD34841.1,E,0.19908887147903442, 0.18054061631361643
AAD34841.1,P,0.1802828460931778, 0.17253223227130043
AAD34841.1,T,0.17254190146923065, 0.16220400979121527
AAD34841.1,T,0.1517951488494873, 0.14695498843987784
AAD34841.1,T,0.1298234462738037, 0.1394464150071144
AAD34841.1,Q,0.13547569513320923, 0.1245100340909428
AAD34841.1,C,0.09710320085287094, 0.11254420048660702
AAD34841.1,F,0.08333366364240646, 0.10707432528336842
AAD34841.1,P,0.10557296127080917, 0.10608734687169392
AAD34841.1,I,0.06466144323348999, 0.11615684462918176
AAD34841.1,L,0.07259034365415573, 0.12302123341295454
AAD34841.1,H,0.12331302464008331, 0.12917734930912653
AAD34841.1,P,0.1429123431444168, 0.14483626517984602
AAD34841.1,P,0.22044892609119415, 0.15062451279825634
AAD34841.1,G,0.1972551941871643, 0.1572291155656179
AAD34841.1,A,0.15250824391841888, 0.16184242483642367
AAD34841.1,P,0.22426390647888184, 0.16812212185727227
AAD34841.1,S,0.15766718983650208, 0.16292801830503675
AAD34841.1,A,0.1241028681397438, 0.143597558968597
AAD34841.1,H,0.11411012709140778, 0.1336652065316836
AAD34841.1,R,0.17983029782772064, 0.1291605664624108
AAD34841.1,P,0.09616541117429733, 0.12191876106792027
AAD34841.1,W,0.04647479206323624, 0.11457205067078273
AAD34841.1,Q,0.10786402225494385, 0.10247341822832823
AAD34841.1,M,0.11196648329496384, 0.10112487638576163
AAD34841.1,K,0.1590876579284668, 0.08982501127239731
AAD34841.1,D,0.09154679626226425, 0.08102890962941779
AAD34841.1,L,0.015215176157653332, 0.08355175072534217
AAD34841.1,Q,0.10197325050830841, 0.0844037900161412
AAD34841.1,A,0.07813151180744171, 0.0796588637555639
AAD34841.1,I,0.01700049638748169, 0.06438833154324028
AAD34841.1,K,0.06918036192655563, 0.06508846425761779
AAD34841.1,Q,0.11553237587213516, 0.07432884039978187
AAD34841.1,E,0.06926214694976807, 0.07012475923531586
AAD34841.1,V,0.021652868017554283, 0.07256257596115272
AAD34841.1,S,0.09784799069166183, 0.08325975947082043
AAD34841.1,S,0.09837856143712997, 0.08584766814278232
AAD34841.1,S,0.06413652002811432, 0.07960945802430312
AAD34841.1,A,0.10007186233997345, 0.08366959976653258
AAD34841.1,P,0.11327514797449112, 0.09083613463573986
AAD34841.1,G,0.09247153997421265, 0.08452480948633617
AAD34841.1,S,0.05938848480582237, 0.08052971710761388
AAD34841.1,P,0.10580342262983322, 0.08802962220377392
AAD34841.1,Q,0.08615168184041977, 0.08194281657536824
AAD34841.1,F,0.04104606434702873, 0.07109055336978701
AAD34841.1,M,0.0624227300286293, 0.07362109008762571
AAD34841.1,Q,0.1316356658935547, 0.07543571748667294
AAD34841.1,T,0.04529061168432236, 0.06577047415905529
AAD34841.1,L,0.015604779124259949, 0.060295830170313515
AAD34841.1,R,0.11524637043476105, 0.06505764565534061
AAD34841.1,L,0.07572013139724731, 0.07017093772689502
AAD34841.1,A,0.018816232681274414, 0.06458662740058368
AAD34841.1,V,0.03687988594174385, 0.07009621502624618
AAD34841.1,Q,0.08390240371227264, 0.0724887020058102
AAD34841.1,Q,0.10844235867261887, 0.06787629425525665
AAD34841.1,F,0.08137687295675278, 0.0658940321041478
AAD34841.1,D,0.09487690031528473, 0.07483002750409974
AAD34841.1,P,0.03713716194033623, 0.07701775224672423
AAD34841.1,T,0.07373470067977905, 0.070083305446638
AAD34841.1,A,0.057879772037267685, 0.06477886376281579
AAD34841.1,K,0.09924019128084183, 0.06284205884569222
AAD34841.1,D,0.056569408625364304, 0.0539521731229292
AAD34841.1,L,0.021492382511496544, 0.051233922648761004
AAD34841.1,Q,0.060702383518218994, 0.0541466534551647
AAD34841.1,D,0.06394562870264053, 0.055813482859068446
AAD34841.1,L,0.014867928810417652, 0.048218597968419395
AAD34841.1,L,0.012672907672822475, 0.04512404650449753
AAD34841.1,Q,0.09994927793741226, 0.050836357184582286
AAD34841.1,Y,0.07288123667240143, 0.058109711648689374
AAD34841.1,L,0.030886227265000343, 0.061175759674774274
AAD34841.1,C,0.02871844545006752, 0.06428888409088056
AAD34841.1,S,0.07290317863225937, 0.06822668326397736
AAD34841.1,S,0.1261625736951828, 0.06604719058507019
AAD34841.1,L,0.09154006093740463, 0.06339915655553341
AAD34841.1,V,0.042886048555374146, 0.06299173107577695
AAD34841.1,V,0.04811310023069382, 0.06758535053167078
AAD34841.1,S,0.08033384382724762, 0.07001820351514551
AAD34841.1,L,0.049048930406570435, 0.0626390441838238
AAD34841.1,H,0.027219397947192192, 0.05600623476008574
AAD34841.1,H,0.07006102055311203, 0.06485701290269692
AAD34841.1,Q,0.09479885548353195, 0.07218391386171182
AAD34841.1,Q,0.059750139713287354, 0.06864693160686228
AAD34841.1,L,0.03184477612376213, 0.06818762028382884
AAD34841.1,N,0.12254305183887482, 0.08140706809030639
AAD34841.1,T,0.11405520886182785, 0.09239810912145509
AAD34841.1,L,0.04850100353360176, 0.08849411788913938
AAD34841.1,I,0.044915128499269485, 0.09771798137161467
AAD34841.1,T,0.1461944282054901, 0.11382310878899363
AAD34841.1,E,0.16898038983345032, 0.11984455875224537
AAD34841.1,A,0.05966293439269066, 0.12454058271315363
AAD34841.1,E,0.14276491105556488, 0.13647499514950645
AAD34841.1,T,0.17679092288017273, 0.15355632164412075
AAD34841.1,R,0.17673610150814056, 0.15469504354728592
AAD34841.1,G,0.15631942451000214, 0.15936364523238605
AAD34841.1,M,0.15591071546077728, 0.17303299407164255
AAD34841.1,T,0.19864706695079803, 0.1685107441412078
AAD34841.1,G,0.15644292533397675, 0.1639594261844953
AAD34841.1,Y,0.2109978049993515, 0.1605187017056677
AAD34841.1,N,0.18268707394599915, 0.1623964930574099
AAD34841.1,P,0.10206466168165207, 0.16215245011779997
AAD34841.1,M,0.13582906126976013, 0.1567503751979934
AAD34841.1,A,0.14576958119869232, 0.1622154654728042
AAD34841.1,G,0.17321954667568207, 0.15596343494123882
AAD34841.1,P,0.15371432900428772, 0.1487998796833886
AAD34841.1,L,0.15002839267253876, 0.15220205071899626
AAD34841.1,R,0.20562873780727386, 0.15758838007847467
AAD34841.1,M,0.15472953021526337, 0.1606060125761562
AAD34841.1,Q,0.11821507662534714, 0.16285617070065606
AAD34841.1,A,0.13268420100212097, 0.16422450790802637
AAD34841.1,N,0.18430602550506592, 0.16156205452150768
AAD34841.1,N,0.17292827367782593, 0.16079779714345932
AAD34841.1,P,0.19347096979618073, 0.16646197189887366
AAD34841.1,A,0.16602936387062073, 0.16225498169660568
AAD34841.1,Q,0.12606631219387054, 0.15692748460504743
AAD34841.1,Q,0.19875042140483856, 0.16180642445882162
AAD34841.1,G,0.2057071030139923, 0.15568376415305668
AAD34841.1,L,0.08035216480493546, 0.13864737045433786
AAD34841.1,R,0.08473672717809677, 0.12786377179953787
AAD34841.1,R,0.2282164841890335, 0.13070185523894098
AAD34841.1,E,0.11782433092594147, 0.11247470395432578
AAD34841.1,Y,0.04014342650771141, 0.09120016514013211
AAD34841.1,Q,0.0689769759774208, 0.09012033593737417
AAD34841.1,N,0.15160906314849854, 0.09191218070271942
AAD34841.1,L,0.03470605984330177, 0.06808887918790181
AAD34841.1,W,0.014236253686249256, 0.056690500324798956
AAD34841.1,L,0.07063370198011398, 0.06143988244649437
AAD34841.1,A,0.10086333006620407, 0.06513710144079393
AAD34841.1,A,0.01380677055567503, 0.053674391470849514
AAD34841.1,F,0.015238921158015728, 0.05719978641718626
AAD34841.1,S,0.08288786560297012, 0.06538218735820717
AAD34841.1,T,0.10225194692611694, 0.07062169888781177
AAD34841.1,L,0.04844467341899872, 0.07071801585455735
AAD34841.1,P,0.06643461436033249, 0.08819193589604563
AAD34841.1,G,0.08787786215543747, 0.1025326947371165
AAD34841.1,N,0.11778930574655533, 0.1035726633336809
AAD34841.1,T,0.10173018276691437, 0.10437809427579244
AAD34841.1,R,0.17107205092906952, 0.10720711118645138
AAD34841.1,D,0.1443057507276535, 0.10876876281367408
AAD34841.1,P,0.09224758297204971, 0.10713162521521251
AAD34841.1,S,0.10950082540512085, 0.09749043732881546
AAD34841.1,W,0.0739058256149292, 0.09598281068934335
AAD34841.1,A,0.08048947900533676, 0.08239883846706814
AAD34841.1,A,0.0731436237692833, 0.07319016547666655
AAD34841.1,I,0.031018614768981934, 0.07795800475610627
AAD34841.1,L,0.08816154301166534, 0.0879086044927438
AAD34841.1,Q,0.04881630092859268, 0.0875173985130257
AAD34841.1,G,0.06142769381403923, 0.08612660277220938
AAD34841.1,L,0.13515813648700714, 0.08146706947849856
AAD34841.1,E,0.1990562230348587, 0.08328483729726738
AAD34841.1,E,0.07038497179746628, 0.0795043245371845
AAD34841.1,P,0.06797231733798981, 0.07620240913497077
AAD34841.1,Y,0.031207824125885963, 0.07160349955989255
AAD34841.1,C,0.047378525137901306, 0.07154536516302162
AAD34841.1,A,0.05413692817091942, 0.056908409007721476
AAD34841.1,F,0.01909906230866909, 0.050218242324060865
AAD34841.1,V,0.020037507638335228, 0.047479247053464256
AAD34841.1,K,0.13463492691516876, 0.058052373222178884
AAD34841.1,R,0.06732361763715744, 0.05505057341522641
AAD34841.1,L,0.01017347164452076, 0.051941557269957334
AAD34841.1,N,0.043321359902620316, 0.061359624481863446
AAD34841.1,V,0.12636595964431763, 0.07105255437393983
AAD34841.1,A,0.020362326875329018, 0.06454891194072035
AAD34841.1,L,0.026155782863497734, 0.06607203827136093
AAD34841.1,D,0.10386166721582413, 0.08572791640957196
AAD34841.1,N,0.1072738766670227, 0.10519854641622967
AAD34841.1,G,0.07610214501619339, 0.11079667922523287
AAD34841.1,L,0.08103175461292267, 0.12788799218833447
AAD34841.1,P,0.1870763748884201, 0.1336611376868354
AAD34841.1,E,0.21855702996253967, 0.13073357774151695
AAD34841.1,G,0.17674915492534637, 0.13799895677301618
AAD34841.1,T,0.1741841435432434, 0.1408192283577389
AAD34841.1,P,0.0781140923500061, 0.13703087427549893
AAD34841.1,K,0.07751362770795822, 0.11866970463759369
AAD34841.1,E,0.17266228795051575, 0.10290893767442968
AAD34841.1,P,0.10148458927869797, 0.09362656395468447
AAD34841.1,I,0.04693656787276268, 0.07756427551309268
AAD34841.1,L,0.021825848147273064, 0.0708025898784399
AAD34841.1,R,0.07671012729406357, 0.06959183493422137
AAD34841.1,S,0.09320779144763947, 0.05831371227072345
AAD34841.1,L,0.029623547568917274, 0.05153035351799594
AAD34841.1,A,0.01725892163813114, 0.04759614159249597
AAD34841.1,Y,0.06661683320999146, 0.05469924801339706
AAD34841.1,S,0.07115918397903442, 0.06143205374893215
AAD34841.1,N,0.04043436050415039, 0.05999017682754331
AAD34841.1,A,0.011528660543262959, 0.06040885330488285
AAD34841.1,N,0.08575380593538284, 0.06884718696690267
AAD34841.1,K,0.1373053789138794, 0.0757511118426919
AAD34841.1,E,0.08023089915513992, 0.07610569573524925
AAD34841.1,C,0.03339163586497307, 0.07446027019371589
AAD34841.1,Q,0.09320392459630966, 0.08359539674388038
AAD34841.1,K,0.12875215709209442, 0.08290907078319126
AAD34841.1,I,0.07435043901205063, 0.08483492500252193
AAD34841.1,L,0.025625530630350113, 0.08399338357978398
AAD34841.1,Q,0.09374479949474335, 0.09568379529648358
AAD34841.1,A,0.07957687228918076, 0.10216839901275104
AAD34841.1,R,0.15463806688785553, 0.10933737084269524
AAD34841.1,G,0.0726570263504982, 0.11102078648077117
AAD34841.1,H,0.13860534131526947, 0.12551073647207683
AAD34841.1,T,0.15156535804271698, 0.124319050874975
AAD34841.1,N,0.1932729035615921, 0.13388973971207938
AAD34841.1,S,0.08950117975473404, 0.13250323302216
AAD34841.1,P,0.15603508055210114, 0.12726158648729324
AAD34841.1,L,0.08301962912082672, 0.11386489495635033
AAD34841.1,G,0.16571307182312012, 0.1113011667297946
AAD34841.1,E,0.14215950667858124, 0.0959032533897294
AAD34841.1,M,0.025482207536697388, 0.08843459664947456
AAD34841.1,L,0.01803511753678322, 0.07872282444602913
AAD34841.1,R,0.12849180400371552, 0.07722483140726884
AAD34841.1,T,0.05469168350100517, 0.07169649315377076
AAD34841.1,C,0.022283269092440605, 0.06500518384079139
AAD34841.1,Q,0.06862913072109222, 0.0750894205023845
AAD34841.1,A,0.0695376917719841, 0.09402348287403584
AAD34841.1,W,0.11595802754163742, 0.09772038149336974
AAD34841.1,T,0.08193772286176682, 0.10801929794251919
AAD34841.1,P,0.11624033749103546, 0.11912673711776733
AAD34841.1,K,0.1884416788816452, 0.1266809387339486
AAD34841.1,D,0.16176389157772064, 0.13067680100599924
AAD34841.1,K,0.14738193154335022, 0.1317654194103347
AAD34841.1,T,0.12225022166967392, 0.1361589249637392
AAD34841.1,K,0.13661694526672363, 0.13879752655824026
AAD34841.1,V,0.10550045222043991, 0.1371000094546212
AAD34841.1,L,0.12575559318065643, 0.13888012369473776
AAD34841.1,V,0.12147927284240723, 0.14807818002170986
AAD34841.1,V,0.1399877518415451, 0.1557290164960755
AAD34841.1,Q,0.1731640249490738, 0.16265024658706453
AAD34841.1,P,0.17778491973876953, 0.17149684660964543
AAD34841.1,R,0.23016443848609924, 0.1757844239473343
AAD34841.1,K,0.19110774993896484, 0.17658206158214146
AAD34841.1,P,0.1989080160856247, 0.17863329582744175
AAD34841.1,P,0.1851198524236679, 0.17466799583699968
AAD34841.1,P,0.16434378921985626, 0.16000613280468517
AAD34841.1,T,0.1286580115556717, 0.14524633727139896
AAD34841.1,Q,0.15844886004924774, 0.1419631660812431
AAD34841.1,P,0.13747632503509521, 0.12893399885959095
AAD34841.1,C,0.04582815244793892, 0.11346753769450718
AAD34841.1,F,0.09732627868652344, 0.10940344466103448
AAD34841.1,R,0.16155920922756195, 0.11073578066296047
AAD34841.1,C,0.08164551109075546, 0.09849483395616214
AAD34841.1,G,0.045921701937913895, 0.09585628203219837
AAD34841.1,K,0.127766951918602, 0.10120409395959643
AAD34841.1,I,0.14064903557300568, 0.10124484532409245
AAD34841.1,G,0.04828033968806267, 0.10415660176012251
AAD34841.1,H,0.11372935771942139, 0.10419750627544191
AAD34841.1,W,0.09395845979452133, 0.10358408590157826
AAD34841.1,S,0.09769304096698761, 0.10065103818972905
AAD34841.1,R,0.18776501715183258, 0.09480020155509312
AAD34841.1,D,0.08201365172863007, 0.10200461207164659
AAD34841.1,C,0.0404009185731411, 0.11289153786169158
AAD34841.1,T,0.10136952251195908, 0.12205827774273025
AAD34841.1,Q,0.08799150586128235, 0.13285646215081215
AAD34841.1,P,0.11312003433704376, 0.1291627341674434
AAD34841.1,R,0.21171168982982635, 0.1346856690943241
AAD34841.1,P,0.17645911872386932, 0.14164041231075922
AAD34841.1,P,0.19487670063972473, 0.13496248341268963
AAD34841.1,P,0.15452146530151367, 0.1337959791223208
AAD34841.1,G,0.13172006607055664, 0.12893318881591162
AAD34841.1,P,0.10299360752105713, 0.11170957154697841
AAD34841.1,C,0.04126816242933273, 0.1024372312757704
AAD34841.1,P,0.07749296724796295, 0.0905165904098087
AAD34841.1,L,0.06935492157936096, 0.08754795789718628
AAD34841.1,C,0.05669913440942764, 0.08180441707372665
AAD34841.1,Q,0.09300805628299713, 0.08176796552207735
AAD34841.1,D,0.08759093284606934, 0.08883683797385958
AAD34841.1,P,0.127803772687912, 0.09036674764421251
AAD34841.1,S,0.08002819865942001, 0.09977943698565166
AAD34841.1,H,0.10266554355621338, 0.10270382132795122
AAD34841.1,W,0.10488801449537277, 0.09837481710645887
AAD34841.1,K,0.09126215428113937, 0.09795173588726255
AAD34841.1,R,0.15406912565231323, 0.10117316825522317
AAD34841.1,D,0.08301859349012375, 0.10150884340206782
AAD34841.1,C,0.05404701828956604, 0.10901532487736808
AAD34841.1,P,0.08378320187330246, 0.11547381844785479
AAD34841.1,Q,0.1567966639995575, 0.1266635333498319
AAD34841.1,L,0.08304927498102188, 0.13390269461605284
AAD34841.1,K,0.1702238768339157, 0.14913383457395765
AAD34841.1,P,0.1630144566297531, 0.1679176257716285
AAD34841.1,P,0.1919695883989334, 0.17546269214815563
AAD34841.1,Q,0.2192215770483017, 0.17878711140818065
AAD34841.1,E,0.2200988531112671, 0.18506600790553623
AAD34841.1,E,0.22310113906860352, 0.18090313838587868
AAD34841.1,G,0.15168879926204681, 0.17432558867666456
AAD34841.1,E,0.18671643733978271, 0.16466506073872247
AAD34841.1,P,0.13955934345722198, 0.1534322996934255
AAD34841.1,L,0.13275805115699768, 0.14277021338542303
AAD34841.1,L,0.10381650924682617, 0.13382327639394337
AAD34841.1,L,0.10502483695745468, 0.13401412384377587
AAD34841.1,D,0.11812672764062881, 0.1305096306734615
AAD34841.1,L,0.12414007633924484, 0.13395304398404229
AAD34841.1,S,0.14257870614528656, 0.13366899639368057
AAD34841.1,S,0.15340642631053925, 0.14082051730818218
AAD34841.1,T,0.15517599880695343, 0.14766771263546413
AAD34841.1,S,0.17055006325244904, 0.1577305719256401
AAD34841.1,G,0.13020162284374237, 0.16681944827238718
AAD34841.1,I,0.1681801974773407, 0.17541414664851296
AAD34841.1,T,0.16664959490299225, 0.18080642819404602
AAD34841.1,E,0.20869246125221252, 0.1807368944088618
AAD34841.1,E,0.20593996345996857, 0.17978569699658287
AAD34841.1,K,0.2199309915304184, 0.1845198372999827
AAD34841.1,N,0.20193696022033691, 0.1835851785209444
AAD34841.1,S,0.1545501947402954, 0.18791300886207157
AAD34841.1,L,0.16198928654193878, 0.18092456294430626
AAD34841.1,G,0.17280888557434082, 0.15804234478208753
AAD34841.1,G,0.1597682684659958, 0.13360556794537437
AAD34841.1,E,0.2056000679731369, 0.1111681279208925
AAD34841.1,I,0.14579644799232483, 0.09399588406085968
AAG48702.1,M,0.10423751175403595, 0.061374128278758794
AAG48702.1,G,0.060184795409440994, 0.07201416666309039
AAG48702.1,Q,0.12845461070537567, 0.08920999078287019
AAG48702.1,I,0.11772572994232178, 0.10309953697853619
AAG48702.1,H,0.14176450669765472, 0.11796015873551369
AAG48702.1,G,0.09576034545898438, 0.12232752351297273
AAG48702.1,L,0.1547624170780182, 0.13246411912971073
AAG48702.1,S,0.12500591576099396, 0.13370384607050154
AAG48702.1,P,0.13374559581279755, 0.13600103557109833
AAG48702.1,T,0.1435437947511673, 0.14366532531049517
AAG48702.1,P,0.151414155960083, 0.1463580909702513
AAG48702.1,I,0.13961215317249298, 0.1442417105038961
AAG48702.1,P,0.13840043544769287, 0.15406603117783865
AAG48702.1,K,0.21074311435222626, 0.15407259431150225
AAG48702.1,A,0.11999523639678955, 0.14905535760853025
AAG48702.1,P,0.13571499288082123, 0.14716407905022302
AAG48702.1,R,0.21342480182647705, 0.14251798722479078
AAG48702.1,G,0.13380466401576996, 0.14082586020231247
AAG48702.1,L,0.0983886644244194, 0.1278997684518496
AAG48702.1,S,0.134392648935318, 0.11876246001985338
AAG48702.1,T,0.09779732674360275, 0.11257158385382758
AAG48702.1,H,0.12317129224538803, 0.10215161823564106
AAG48702.1,H,0.09440828859806061, 0.09131537998716037
AAG48702.1,W,0.037759460508823395, 0.08446394445167647
AAG48702.1,L,0.07999710738658905, 0.0824418527384599
AAG48702.1,N,0.11964511126279831, 0.0812196462518639
AAG48702.1,F,0.03627851977944374, 0.07343316574891408
AAG48702.1,L,0.03672574460506439, 0.07656643374098672
AAG48702.1,Q,0.11619382351636887, 0.09415819744269054
AAG48702.1,A,0.08679746836423874, 0.09793575521972445
AAG48702.1,A,0.053092967718839645, 0.10225267377164629
AAG48702.1,Y,0.12260770052671432, 0.11536449980404642
AAG48702.1,R,0.19608533382415771, 0.12569119491510922
AAG48702.1,L,0.11399512737989426, 0.12551039664281738
AAG48702.1,Q,0.1584973782300949, 0.13431797549128532
AAG48702.1,P,0.15428495407104492, 0.14639129903581408
AAG48702.1,G,0.12966600060462952, 0.14307501332627404
AAG48702.1,P,0.11456663906574249, 0.13423343913422692
AAG48702.1,S,0.16606567800045013, 0.13481348090701634
AAG48702.1,D,0.1617528796195984, 0.1353725923432244
AAG48702.1,F,0.09276112914085388, 0.13206828965081108
AAG48702.1,D,0.11651116609573364, 0.12216928808225526
AAG48702.1,F,0.11921550333499908, 0.12442150422268444
AAG48702.1,Q,0.1635293811559677, 0.12516715832882458
AAG48702.1,Q,0.12454622983932495, 0.1137362817923228
AAG48702.1,L,0.04057498648762703, 0.10815660903851192
AAG48702.1,R,0.1348365843296051, 0.11050108323494594
AAG48702.1,R,0.17277656495571136, 0.1109037838048405
AAG48702.1,F,0.05887499079108238, 0.098594112528695
AAG48702.1,L,0.04254407435655594, 0.0992415299018224
AAG48702.1,K,0.13761143386363983, 0.11260545377930005
AAG48702.1,L,0.12283980846405029, 0.1095127301911513
AAG48702.1,A,0.05274233967065811, 0.10151249625616604
AAG48702.1,L,0.13037298619747162, 0.10839235534270604
AAG48702.1,K,0.16085030138492584, 0.11819192932711707
AAG48702.1,T,0.10700207203626633, 0.11196475724379222
AAG48702.1,P,0.10077445954084396, 0.11057202186849382
AAG48702.1,I,0.12079372256994247, 0.11797491709391277
AAG48702.1,W,0.1307402402162552, 0.12093917859925164
AAG48702.1,L,0.08156688511371613, 0.11120906637774573
AAG48702.1,N,0.11030519008636475, 0.10700997461875279
AAG48702.1,P,0.11936839669942856, 0.10628544290860494
AAG48702.1,I,0.15705133974552155, 0.10421699533859889
AAG48702.1,D,0.07327929139137268, 0.09430778647462527
AAG48702.1,Y,0.0692102462053299, 0.09305595482389133
AAG48702.1,S,0.09425367414951324, 0.09375223807162708
AAG48702.1,L,0.102177694439888, 0.08974236705236965
AAG48702.1,L,0.04155736044049263, 0.0792843024763796
AAG48702.1,A,0.0703004002571106, 0.08280927563707034
AAG48702.1,S,0.11657173931598663, 0.09703508805897501
AAG48702.1,L,0.0832795575261116, 0.10163319400615162
AAG48702.1,I,0.06292875856161118, 0.10635632400711377
AAG48702.1,P,0.10500404983758926, 0.11590094781584209
AAG48702.1,K,0.19724255800247192, 0.12188711431291369
AAG48702.1,G,0.13563662767410278, 0.12370881272686853
AAG48702.1,Y,0.14468586444854736, 0.12013553000158733
AAG48702.1,P,0.12745897471904755, 0.12456532733307944
AAG48702.1,G,0.12417589873075485, 0.12581991735431883
AAG48702.1,R,0.1329670250415802, 0.10771779591838519
AAG48702.1,V,0.05112001299858093, 0.09750611459215482
AAG48702.1,V,0.10279693454504013, 0.09270689595076773
AAG48702.1,E,0.11629536002874374, 0.08700515950719516
AAG48702.1,I,0.03432346507906914, 0.07788557724820243
AAG48702.1,I,0.04373149573802948, 0.07380983067883386
AAG48702.1,N,0.10149289667606354, 0.08289507693714565
AAG48702.1,I,0.07614334672689438, 0.08529621693823072
AAG48702.1,L,0.04209965839982033, 0.08776231524017122
AAG48702.1,V,0.09628530591726303, 0.09957962193422848
AAG48702.1,K,0.13288722932338715, 0.11102693238192135
AAG48702.1,N,0.12440719455480576, 0.12035522816909684
AAG48702.1,Q,0.1384902447462082, 0.13440044927928183
AAG48702.1,V,0.1406792253255844, 0.14701469077004325
AAG48702.1,S,0.14675728976726532, 0.1580600051416291
AAG48702.1,P,0.185447558760643, 0.16311346573962104
AAG48702.1,S,0.20255033671855927, 0.16770717170503405
AAG48702.1,A,0.15562783181667328, 0.1732148594326443
AAG48702.1,P,0.19569313526153564, 0.17903235885832045
AAG48702.1,A,0.17836837470531464, 0.18532772031095293
AAG48702.1,A,0.16575054824352264, 0.1852695345878601
AAG48702.1,P,0.18805943429470062, 0.18510751095083025
AAG48702.1,V,0.19303672015666962, 0.18756447898017037
AAG48702.1,P,0.20341554284095764, 0.1822224176592297
AAG48702.1,T,0.18492388725280762, 0.1821368783712387
AAG48702.1,P,0.20109212398529053, 0.1856361577908198
AAG48702.1,I,0.17774054408073425, 0.18762482040458256
AAG48702.1,C,0.14761458337306976, 0.18887464867697823
AAG48702.1,P,0.1775985211133957, 0.1871640102730857
AAG48702.1,T,0.1972440630197525, 0.18770740429560342
AAG48702.1,T,0.20595739781856537, 0.1878854748275545
AAG48702.1,T,0.2042851746082306, 0.1951533638768726
AAG48702.1,P,0.188019797205925, 0.20033664173550075
AAG48702.1,P,0.18981443345546722, 0.2032876279619005
AAG48702.1,P,0.20269475877285004, 0.20305927760071224
AAG48702.1,P,0.24315154552459717, 0.20341012544102138
AAG48702.1,A,0.19426408410072327, 0.2024973664018843
AAG48702.1,P,0.20415739715099335, 0.20185545749134487
AAG48702.1,P,0.19518890976905823, 0.1950145893626743
AAG48702.1,P,0.20911502838134766, 0.19415679408444297
AAG48702.1,Q,0.1960703432559967, 0.18435482018523747
AAG48702.1,Y,0.18224261701107025, 0.18201766908168793
AAG48702.1,A,0.12824662029743195, 0.18169389168421426
AAG48702.1,H,0.1949746012687683, 0.18366532193289864
AAG48702.1,A,0.15493378043174744, 0.18763947983582815
AAG48702.1,S,0.17322972416877747, 0.1857920702960756
AAG48702.1,P,0.20124340057373047, 0.19018819762600792
AAG48702.1,P,0.2129317820072174, 0.19810034169091117
AAG48702.1,Y,0.24488244950771332, 0.195786005920834
AAG48702.1,G,0.17944365739822388, 0.1958033906088935
AAG48702.1,E,0.22180776298046112, 0.19046552810404035
AAG48702.1,P,0.19945591688156128, 0.18269718686739603
AAG48702.1,T,0.17414557933807373, 0.16969622754388386
AAG48702.1,T,0.15509024262428284, 0.15148795975579155
AAG48702.1,T,0.12518896162509918, 0.14281898736953735
AAG48702.1,Q,0.13132832944393158, 0.12521708342764112
AAG48702.1,C,0.09592314809560776, 0.11097844027810627
AAG48702.1,F,0.08100803941488266, 0.10498441755771637
AAG48702.1,P,0.10142290592193604, 0.103510406282213
AAG48702.1,I,0.06339062750339508, 0.11385685702164967
AAG48702.1,L,0.07130812853574753, 0.12095437116093105
AAG48702.1,H,0.12019937485456467, 0.1270877859658665
AAG48702.1,P,0.1418241411447525, 0.14283043642838797
AAG48702.1,P,0.2183070182800293, 0.14874380992518532
AAG48702.1,G,0.195205956697464, 0.15539749628967708
AAG48702.1,A,0.15112388134002686, 0.1597963066564666
AAG48702.1,P,0.22269189357757568, 0.16635717451572418
AAG48702.1,S,0.15464326739311218, 0.1612890304790603
AAG48702.1,A,0.1232738047838211, 0.14219165551993582
AAG48702.1,H,0.11089742183685303, 0.1323449599246184
AAG48702.1,R,0.179247185587883, 0.12800744796792665
AAG48702.1,P,0.09621084481477737, 0.12064668991499478
AAG48702.1,W,0.046430643647909164, 0.11356406948632664
AAG48702.1,Q,0.10658569633960724, 0.10154738504853514
AAG48702.1,M,0.11208627372980118, 0.10051662205821937
AAG48702.1,K,0.15644507110118866, 0.08928610612120894
AAG48702.1,D,0.09089968353509903, 0.08043049193090862
AAG48702.1,L,0.015123644843697548, 0.08290656862987413
AAG48702.1,Q,0.10162055492401123, 0.08387477571765582
AAG48702.1,A,0.07817254215478897, 0.07897331110305256
AAG48702.1,I,0.016510317102074623, 0.06397737376391888
AAG48702.1,K,0.06871533393859863, 0.06462730777760346
AAG48702.1,Q,0.11529956012964249, 0.07383799511525366
AAG48702.1,E,0.06797309219837189, 0.06976068144043286
AAG48702.1,V,0.02148163504898548, 0.07225074908799595
AAG48702.1,S,0.09674908965826035, 0.08266978152096272
AAG48702.1,S,0.09801983088254929, 0.08524248604145315
AAG48702.1,S,0.06492473185062408, 0.07892214982873863
AAG48702.1,A,0.10058315098285675, 0.08315386188526948
AAG48702.1,P,0.11028160899877548, 0.09031215351488855
AAG48702.1,G,0.09186967462301254, 0.0840913595424758
AAG48702.1,S,0.05841653421521187, 0.08017054862446255
AAG48702.1,P,0.1060585007071495, 0.08753374053372277
AAG48702.1,Q,0.0859062597155571, 0.08134047935406367
AAG48702.1,F,0.04076194390654564, 0.07081719932870732
AAG48702.1,M,0.06273253262042999, 0.073368057091203
AAG48702.1,Q,0.13119345903396606, 0.07513269109444486
AAG48702.1,T,0.044843800365924835, 0.06541114186661111
AAG48702.1,L,0.01557208877056837, 0.059962366707623005
AAG48702.1,R,0.11482739448547363, 0.0645340293024977
AAG48702.1,L,0.07429824024438858, 0.06947768076012532
AAG48702.1,A,0.018564557656645775, 0.06382056998295917
AAG48702.1,V,0.036867283284664154, 0.06912796706375149
AAG48702.1,Q,0.08190690726041794, 0.07146866019401285
AAG48702.1,Q,0.10722539573907852, 0.06664724461734295
AAG48702.1,F,0.08027946203947067, 0.06468469546073013
AAG48702.1,D,0.09261037409305573, 0.07341006894906361
AAG48702.1,P,0.036638326942920685, 0.07553909470637639
AAG48702.1,T,0.07143465429544449, 0.06877182920773824
AAG48702.1,A,0.0566352978348732, 0.06353575901852714
AAG48702.1,K,0.09709291905164719, 0.061538542724317975
AAG48702.1,D,0.056028515100479126, 0.05286280427955919
AAG48702.1,L,0.02100151777267456, 0.05017852307193809
AAG48702.1,Q,0.06010076403617859, 0.05321283410820696
AAG48702.1,D,0.06230451539158821, 0.054768630406922765
AAG48702.1,L,0.01452872809022665, 0.04735731892287731
AAG48702.1,L,0.012479796074330807, 0.044255791852871575
AAG48702.1,Q,0.09874345362186432, 0.049994625565078527
AAG48702.1,Y,0.07063746452331543, 0.05718809904323684
AAG48702.1,L,0.030391115695238113, 0.060213930904865265
AAG48702.1,C,0.028114771470427513, 0.0633199650587307
AAG48702.1,S,0.07265102118253708, 0.0671803518715832
AAG48702.1,S,0.12484202533960342, 0.06500364653766155
AAG48702.1,L,0.08953700214624405, 0.06261906214058399
AAG48702.1,V,0.04248303547501564, 0.06221002298924658
AAG48702.1,V,0.047223277390003204, 0.06684074116249879
AAG48702.1,S,0.07915310561656952, 0.06923533210323916
AAG48702.1,L,0.049176204949617386, 0.06190245950387584
AAG48702.1,H,0.02670976333320141, 0.05539341105355157
AAG48702.1,H,0.06979123502969742, 0.06410465762019157
AAG48702.1,Q,0.09420233964920044, 0.07145306343833606
AAG48702.1,Q,0.05884617194533348, 0.06815555070837338
AAG48702.1,L,0.030955566093325615, 0.06760986107918951
AAG48702.1,N,0.1208842545747757, 0.08066504014035066
AAG48702.1,T,0.11335892975330353, 0.09162175220747788
AAG48702.1,L,0.04947549104690552, 0.08778097542623679
AAG48702.1,I,0.04426499828696251, 0.09706688279079066
AAG48702.1,T,0.14420637488365173, 0.11322954504026307
AAG48702.1,E,0.16840164363384247, 0.11943798801965183
AAG48702.1,A,0.05963534861803055, 0.1240937349696954
AAG48702.1,E,0.14241933822631836, 0.13592186114854282
AAG48702.1,T,0.17641952633857727, 0.1528594982292917
AAG48702.1,R,0.1767602413892746, 0.15400450345542696
AAG48702.1,G,0.15526065230369568, 0.15882395787371528
AAG48702.1,M,0.1559286266565323, 0.1723328779141108
AAG48702.1,T,0.1967037320137024, 0.16770097033845055
AAG48702.1,G,0.15451142191886902, 0.16311795430050957
AAG48702.1,Y,0.2117767333984375, 0.15926254706250298
AAG48702.1,N,0.18121562898159027, 0.16114318122466406
AAG48702.1,P,0.10073217004537582, 0.16060558044248158
AAG48702.1,M,0.13517238199710846, 0.1550455250673824
AAG48702.1,A,0.14206157624721527, 0.1604721239871449
AAG48702.1,G,0.17218635976314545, 0.15404045995738772
AAG48702.1,P,0.15109021961688995, 0.14675203131304848
AAG48702.1,L,0.14666323363780975, 0.14993194987376532
AAG48702.1,R,0.20335081219673157, 0.15521633211109373
AAG48702.1,M,0.15389175713062286, 0.1584762293431494
AAG48702.1,Q,0.11561977118253708, 0.1606523965795835
AAG48702.1,A,0.1293514370918274, 0.16220282432105806
AAG48702.1,N,0.18273182213306427, 0.15964044216606352
AAG48702.1,N,0.17140065133571625, 0.1588434668050872
AAG48702.1,P,0.19177186489105225, 0.16462830122974184
AAG48702.1,A,0.16504406929016113, 0.16054332007964453
AAG48702.1,Q,0.12360179424285889, 0.1555489699045817
AAG48702.1,Q,0.19617803394794464, 0.1605327609512541
AAG48702.1,G,0.20595526695251465, 0.15433197882440355
AAG48702.1,L,0.07885494083166122, 0.13733068108558655
AAG48702.1,R,0.08440228551626205, 0.1265081043044726
AAG48702.1,R,0.22758594155311584, 0.129524703654978
AAG48702.1,E,0.11559361219406128, 0.11152063185969989
AAG48702.1,Y,0.03876018524169922, 0.09022261740432845
AAG48702.1,Q,0.06764087826013565, 0.08930948418047693
AAG48702.1,N,0.15075118839740753, 0.0913753141131666
AAG48702.1,L,0.03414138779044151, 0.06760797722058164
AAG48702.1,W,0.014273136854171753, 0.056443685562246375
AAG48702.1,L,0.07063674181699753, 0.06124395473549763
AAG48702.1,A,0.10299475491046906, 0.06500045137686862
AAG48702.1,A,0.013679909519851208, 0.05365620522449414
AAG48702.1,F,0.015114987269043922, 0.05717436317354441
AAG48702.1,S,0.08196260780096054, 0.06531513741032945
AAG48702.1,T,0.10144934803247452, 0.0704988283622596
AAG48702.1,L,0.048652973026037216, 0.07042253193342024
AAG48702.1,P,0.06580480933189392, 0.08769925249119599
AAG48702.1,G,0.08754010498523712, 0.10228974330756399
AAG48702.1,N,0.1172899603843689, 0.10366292504800691
AAG48702.1,T,0.10230808705091476, 0.10433787479996681
AAG48702.1,R,0.16917039453983307, 0.10704566455549663
AAG48702.1,D,0.1464294046163559, 0.10889928622378243
AAG48702.1,P,0.09432124346494675, 0.1074317056271765
AAG48702.1,S,0.10752389580011368, 0.09773105776144399
AAG48702.1,W,0.07302308082580566, 0.0962726107488076
AAG48702.1,A,0.08248740434646606, 0.08272215620511109
AAG48702.1,A,0.07433187961578369, 0.07323018192417091
AAG48702.1,I,0.0299841295927763, 0.07809643343918854
AAG48702.1,L,0.0891820639371872, 0.08834367969797717
AAG48702.1,Q,0.047216303646564484, 0.08811668451461527
AAG48702.1,G,0.06100163608789444, 0.08661713678803709
AAG48702.1,L,0.13811750710010529, 0.08181057415074772
AAG48702.1,E,0.19974911212921143, 0.08341480315559441
AAG48702.1,E,0.07098012417554855, 0.07889754966729218
AAG48702.1,P,0.06899147480726242, 0.07563193659815523
AAG48702.1,Y,0.031072815880179405, 0.070909074611134
AAG48702.1,C,0.04442219063639641, 0.06970367001162635
AAG48702.1,A,0.04852678254246712, 0.055328922967116036
AAG48702.1,F,0.017825786024332047, 0.048544608884387545
AAG48702.1,V,0.01849587820470333, 0.045703897459639445
AAG48702.1,E,0.12726886570453644, 0.057075300771329135
AAG48702.1,R,0.07037638872861862, 0.054326376567284264
AAG48702.1,L,0.009921297430992126, 0.051744688716199666
AAG48702.1,N,0.043425071984529495, 0.061248745769262314
AAG48702.1,V,0.13341544568538666, 0.07114589193628894
AAG48702.1,A,0.01968187279999256, 0.065466300273935
AAG48702.1,L,0.02529159188270569, 0.06634982571833664
AAG48702.1,D,0.1033622995018959, 0.08570924546155664
AAG48702.1,N,0.10757019370794296, 0.10502333545850383
AAG48702.1,G,0.07615254074335098, 0.10958078607088989
AAG48702.1,L,0.07832811772823334, 0.12665121174520916
AAG48702.1,P,0.18415607511997223, 0.1324162474936909
AAG48702.1,E,0.21725188195705414, 0.12931974149412578
AAG48702.1,G,0.17443250119686127, 0.13640999959574807
AAG48702.1,T,0.17331570386886597, 0.13915449960364235
AAG48702.1,P,0.07717691361904144, 0.13556089045272934
AAG48702.1,K,0.07549374550580978, 0.11746093941231568
AAG48702.1,E,0.17138251662254333, 0.10180896003213194
AAG48702.1,P,0.10085304081439972, 0.09269893645412391
AAG48702.1,I,0.0459856353700161, 0.07678065573175748
AAG48702.1,L,0.021256515756249428, 0.07010343422492345
AAG48702.1,R,0.07638406753540039, 0.06921179840962093
AAG48702.1,S,0.09244228899478912, 0.05795533210039139
AAG48702.1,L,0.030051177367568016, 0.051173654281430773
AAG48702.1,A,0.01708192005753517, 0.047337984666228294
AAG48702.1,Y,0.067469023168087, 0.05451555922627449
AAG48702.1,S,0.07007431983947754, 0.06095023825764656
AAG48702.1,N,0.039817940443754196, 0.05935085109538502
AAG48702.1,A,0.011464608833193779, 0.0597336215691434
AAG48702.1,N,0.08585468679666519, 0.06814470825095971
AAG48702.1,K,0.13429617881774902, 0.07460443696214093
AAG48702.1,E,0.07804780453443527, 0.07494135718378755
AAG48702.1,C,0.03349611163139343, 0.07332940627303389
AAG48702.1,Q,0.09278170019388199, 0.08240393218066958
AAG48702.1,K,0.12560658156871796, 0.08147815532154506
AAG48702.1,I,0.07310660183429718, 0.0833386050330268
AAG48702.1,L,0.02531038224697113, 0.08279735760556327
AAG48702.1,Q,0.09313534200191498, 0.09421677970223957
AAG48702.1,A,0.07752269506454468, 0.10072930157184601
AAG48702.1,R,0.1510402262210846, 0.10822508401340908
AAG48702.1,G,0.07317657768726349, 0.10998236222399606
AAG48702.1,H,0.1362709105014801, 0.124314207997587
AAG48702.1,T,0.15139439702033997, 0.12321643365754022
AAG48702.1,N,0.19306862354278564, 0.13272721734311846
AAG48702.1,S,0.08892210572957993, 0.131409313943651
AAG48702.1,P,0.15429699420928955, 0.12607653273476493
AAG48702.1,L,0.08325537294149399, 0.11288237240579393
AAG48702.1,G,0.16311974823474884, 0.1100139386124081
AAG48702.1,E,0.13917909562587738, 0.09452339220378134
AAG48702.1,M,0.025181546807289124, 0.08703362631301086
AAG48702.1,L,0.017523467540740967, 0.077471147187882
AAG48702.1,R,0.12557849287986755, 0.07590124031735791
AAG48702.1,T,0.05365370586514473, 0.07054909173813131
AAG48702.1,C,0.02151421271264553, 0.06408268068399695
AAG48702.1,Q,0.06823468208312988, 0.07406160835590628
AAG48702.1,A,0.06912621110677719, 0.09272955461508697
AAG48702.1,W,0.11495041102170944, 0.09645799071424538
AAG48702.1,T,0.08098139613866806, 0.1066258605569601
AAG48702.1,P,0.11499189585447311, 0.11752238869667053
AAG48702.1,K,0.1855349838733673, 0.1247694409555859
AAG48702.1,D,0.1591344177722931, 0.12874754269917807
AAG48702.1,K,0.14516453444957733, 0.12980013423495823
AAG48702.1,T,0.11958296597003937, 0.13416073636876213
AAG48702.1,K,0.13345815241336823, 0.1368505077229606
AAG48702.1,V,0.1049291267991066, 0.13519380821122062
AAG48702.1,L,0.12442373484373093, 0.13708852893776363
AAG48702.1,V,0.12022681534290314, 0.14641262922022077
AAG48702.1,V,0.13919983804225922, 0.15423795415295494
AAG48702.1,Q,0.17062468826770782, 0.16134988930490282
AAG48702.1,P,0.17618690431118011, 0.17025615688827303
AAG48702.1,R,0.2290814369916916, 0.17457199758953518
AAG48702.1,K,0.1900108903646469, 0.1754202362563875
AAG48702.1,P,0.19746556878089905, 0.1773083359003067
AAG48702.1,P,0.18508553504943848, 0.17358375589052835
AAG48702.1,P,0.16326630115509033, 0.15907727306087813
AAG48702.1,T,0.12786096334457397, 0.14428570245703062
AAG48702.1,Q,0.15619273483753204, 0.1408496271404955
AAG48702.1,P,0.13710346817970276, 0.12788372776574558
AAG48702.1,C,0.04562855884432793, 0.11235041171312332
AAG48702.1,F,0.09595730155706406, 0.10828657696644466
AAG48702.1,R,0.159086212515831, 0.10957373595900005
AAG48702.1,C,0.08077247440814972, 0.09747418637077014
AAG48702.1,G,0.04528569057583809, 0.09478670234481494
AAG48702.1,K,0.1266917884349823, 0.10008299267954296
AAG48702.1,I,0.13944539427757263, 0.10012777729166879
AAG48702.1,G,0.04729678854346275, 0.10313781516419517
AAG48702.1,H,0.11291611194610596, 0.10320909818013509
AAG48702.1,W,0.09329517185688019, 0.10262519866228104
AAG48702.1,S,0.09636036306619644, 0.09979749139812258
AAG48702.1,R,0.18617655336856842, 0.0939797494146559
AAG48702.1,D,0.08141402155160904, 0.10116132224599521
AAG48702.1,C,0.040030594915151596, 0.11220476321048206
AAG48702.1,T,0.10124242305755615, 0.12155681641565429
AAG48702.1,Q,0.08708571642637253, 0.13235150484575164
AAG48702.1,P,0.11193094402551651, 0.12889197510149744
AAG48702.1,R,0.21230708062648773, 0.13433803245425224
AAG48702.1,P,0.17746365070343018, 0.14124497936831582
AAG48702.1,P,0.19351255893707275, 0.1345804627570841
AAG48702.1,P,0.15504078567028046, 0.133384690930446
AAG48702.1,G,0.13042853772640228, 0.12864289143019253
AAG48702.1,P,0.10219311714172363, 0.11132957579361068
AAG48702.1,C,0.04126177355647087, 0.10196450973550479
AAG48702.1,P,0.07632376998662949, 0.09020544050468339
AAG48702.1,L,0.06925474852323532, 0.08713415058122741
AAG48702.1,C,0.05648723989725113, 0.08148357479108705
AAG48702.1,Q,0.09317805618047714, 0.08137527232368787
AAG48702.1,D,0.08768093585968018, 0.08826687518093321
AAG48702.1,P,0.12739917635917664, 0.08963264607720905
AAG48702.1,S,0.07957335561513901, 0.09876485831207699
AAG48702.1,H,0.10121839493513107, 0.10150401790936787
AAG48702.1,W,0.10328619927167892, 0.09708500405152638
AAG48702.1,K,0.08861570805311203, 0.09662056383159426
AAG48702.1,R,0.15144465863704681, 0.09975957787699169
AAG48702.1,D,0.08113967627286911, 0.10008029143015544
AAG48702.1,C,0.05340693145990372, 0.10778957025872336
AAG48702.1,P,0.08350097388029099, 0.1146106372276942
AAG48702.1,Q,0.1556503027677536, 0.12605764716863632
AAG48702.1,L,0.08245977759361267, 0.1337091484003597
AAG48702.1,K,0.17060190439224243, 0.14914516773488787
AAG48702.1,P,0.16467580199241638, 0.16798700971735847
AAG48702.1,P,0.1916387975215912, 0.1756802648305893
AAG48702.1,Q,0.22030816972255707, 0.17907439668973288
AAG48702.1,E,0.22006385028362274, 0.18531962732474008
AAG48702.1,E,0.22298350930213928, 0.1811695479684406
AAG48702.1,G,0.1527402698993683, 0.17423757993512684
AAG48702.1,E,0.18619748950004578, 0.16461997644768822
AAG48702.1,P,0.13866685330867767, 0.15294677019119263
AAG48702.1,L,0.13325119018554688, 0.142369006243017
AAG48702.1,L,0.10228808969259262, 0.13327287551429537
AAG48702.1,L,0.10508036613464355, 0.134377159178257
AAG48702.1,D,0.11524931341409683, 0.13114908089240393
AAG48702.1,L,0.12486397475004196, 0.1350001005662812
AAG48702.1,S,0.14111833274364471, 0.13668332414494622
AAG48702.1,S,0.1626788228750229, 0.14482426643371582
AAG48702.1,T,0.15714478492736816, 0.15218565199110243
AAG48702.1,S,0.1733260303735733, 0.16301771087778938
AAG48702.1,G,0.1484002023935318, 0.17271637916564941
AAG48702.1,T,0.17555657029151917, 0.1819299856821696
AAG48702.1,T,0.17133283615112305, 0.18730153971248203
AAG48702.1,E,0.21273784339427948, 0.18699706925286186
AAG48702.1,E,0.21215198934078217, 0.18613038460413614
AAG48702.1,K,0.22404079139232635, 0.18902741041448382
AAG48702.1,N,0.21102280914783478, 0.1874914069970449
AAG48702.1,S,0.15440455079078674, 0.19157999753952026
AAG48702.1,L,0.1655258685350418, 0.18446693983342913
AAG48702.1,G,0.17447343468666077, 0.1608944965733422
AAG48702.1,G,0.1617325395345688, 0.13600107530752817
AAG48702.1,E,0.2081301510334015, 0.11255409651332432
AAG48702.1,I,0.14872032403945923, 0.09539803531434801
AAG48727.1,M,0.10477469116449356, 0.061298386918173894
AAG48727.1,G,0.06014583259820938, 0.0721873864531517
AAG48727.1,Q,0.12781356275081635, 0.08943567590581046
AAG48727.1,I,0.11714315414428711, 0.1031879194908672
AAG48727.1,H,0.14180824160575867, 0.1181860292951266
AAG48727.1,G,0.09800099581480026, 0.12225502067142063
AAG48727.1,L,0.15523460507392883, 0.1324735027220514
AAG48727.1,S,0.12377019226551056, 0.13373580326636633
AAG48727.1,P,0.13498298823833466, 0.13602448089255226
AAG48727.1,T,0.14139561355113983, 0.1435235548350546
AAG48727.1,P,0.1521121710538864, 0.14585300038258234
AAG48727.1,I,0.13917426764965057, 0.14377064754565558
AAG48727.1,P,0.13774125277996063, 0.1535903455482589
AAG48727.1,K,0.20929990708827972, 0.15331690427329805
AAG48727.1,A,0.1189660057425499, 0.14847594665156472
AAG48727.1,P,0.13649342954158783, 0.14653893477386898
AAG48727.1,R,0.21214747428894043, 0.14181767983569038
AAG48727.1,G,0.13252201676368713, 0.14017140285836327
AAG48727.1,L,0.0978269949555397, 0.12746102114518484
AAG48727.1,S,0.13467906415462494, 0.11849582278066212
AAG48727.1,T,0.09668297320604324, 0.11220472388797337
AAG48727.1,H,0.12292475998401642, 0.10194832997189628
AAG48727.1,H,0.09490647166967392, 0.09137681333555116
AAG48727.1,W,0.0382792204618454, 0.08458727515406078
AAG48727.1,L,0.07987353950738907, 0.08245676341984007
AAG48727.1,N,0.11983992904424667, 0.0815536371535725
AAG48727.1,F,0.03737836703658104, 0.0739930590821637
AAG48727.1,L,0.03672115132212639, 0.07701196066207355
AAG48727.1,Q,0.11550445854663849, 0.09435698183046447
AAG48727.1,A,0.08855483680963516, 0.0982356042497688
AAG48727.1,A,0.054879557341337204, 0.10256760608818796
AAG48727.1,Y,0.12207658588886261, 0.11563911371760899
AAG48727.1,R,0.1943844109773636, 0.12588786457975706
AAG48727.1,L,0.11478114128112793, 0.12576148038109145
AAG48727.1,Q,0.15882794559001923, 0.1344652809202671
AAG48727.1,P,0.15502193570137024, 0.146286155614588
AAG48727.1,G,0.12895990908145905, 0.14295985218551424
AAG48727.1,P,0.11436700075864792, 0.13440480414364073
AAG48727.1,S,0.1668890416622162, 0.13485640784104666
AAG48727.1,D,0.16126742959022522, 0.1351483232445187
AAG48727.1,F,0.09213985502719879, 0.13173078993956247
AAG48727.1,D,0.11738897860050201, 0.12187975272536278
AAG48727.1,F,0.11884557455778122, 0.12406282830569479
AAG48727.1,Q,0.1614551842212677, 0.12452755413121647
AAG48727.1,Q,0.12426413595676422, 0.11310339305135939
AAG48727.1,L,0.04030057415366173, 0.1076254935728179
AAG48727.1,R,0.13401468098163605, 0.1097137721048461
AAG48727.1,R,0.17107157409191132, 0.11003685659832424
AAG48727.1,F,0.05844997987151146, 0.09797878356443511
AAG48727.1,L,0.04283875972032547, 0.09855425813131863
AAG48727.1,K,0.1361834853887558, 0.11188347306516436
AAG48727.1,L,0.12175333499908447, 0.10879750963714388
AAG48727.1,A,0.05293252691626549, 0.1009644799762302
AAG48727.1,L,0.12944340705871582, 0.10769642682539092
AAG48727.1,K,0.16026350855827332, 0.11732277812229262
AAG48727.1,T,0.10624101012945175, 0.1113491194943587
AAG48727.1,P,0.1005743071436882, 0.10988852919803725
AAG48727.1,I,0.11903750151395798, 0.1171752553847101
AAG48727.1,W,0.1294759213924408, 0.12007121162282096
AAG48727.1,L,0.08242055773735046, 0.11035307000080745
AAG48727.1,N,0.10860802233219147, 0.10610378533601761
AAG48727.1,P,0.1185130625963211, 0.1053324043750763
AAG48727.1,I,0.15550701320171356, 0.10324207610554165
AAG48727.1,D,0.07280023396015167, 0.09345789874593417
AAG48727.1,Y,0.06799744814634323, 0.09191964276962811
AAG48727.1,S,0.09363187849521637, 0.09272633865475655
AAG48727.1,L,0.10022454708814621, 0.08868126198649406
AAG48727.1,L,0.041418325155973434, 0.07833480793568823
AAG48727.1,A,0.06857625395059586, 0.08174214553501871
AAG48727.1,S,0.11586828529834747, 0.09589294468363126
AAG48727.1,L,0.08210737258195877, 0.10043374738759464
AAG48727.1,I,0.06238892674446106, 0.10509035281009144
AAG48727.1,P,0.10346627235412598, 0.11453414625591701
AAG48727.1,K,0.1953546404838562, 0.12067811853355831
AAG48727.1,G,0.13449910283088684, 0.12250298758347829
AAG48727.1,Y,0.14213399589061737, 0.11904812355836232
AAG48727.1,P,0.12641246616840363, 0.12359689093298382
AAG48727.1,G,0.12387200444936752, 0.12518953531980515
AAG48727.1,R,0.13229210674762726, 0.10731380391452047
AAG48727.1,V,0.05101359635591507, 0.09719700945748223
AAG48727.1,V,0.10332783311605453, 0.09251065138313505
AAG48727.1,E,0.11780007183551788, 0.08684610658221775
AAG48727.1,I,0.034473057836294174, 0.07777826156881121
AAG48727.1,I,0.04344795271754265, 0.07376397566662894
AAG48727.1,N,0.09995677322149277, 0.08283016251193152
AAG48727.1,I,0.07543156296014786, 0.08506140940719181
AAG48727.1,L,0.04226139932870865, 0.08745574123329586
AAG48727.1,V,0.09616353362798691, 0.0994398912621869
AAG48727.1,K,0.1326092779636383, 0.11099380171961254
AAG48727.1,N,0.12340905517339706, 0.12064054608345032
AAG48727.1,Q,0.1393490582704544, 0.13499189499351713
AAG48727.1,V,0.14233040809631348, 0.14820823073387146
AAG48727.1,S,0.14743314683437347, 0.15998747530910704
AAG48727.1,P,0.18677747249603271, 0.16545797967248493
AAG48727.1,S,0.2045937031507492, 0.17057147953245375
AAG48727.1,A,0.16120842099189758, 0.1771526402897305
AAG48727.1,P,0.20217673480510712, 0.18376639816496107
AAG48727.1,A,0.1818438172340393, 0.19031748010052574
AAG48727.1,A,0.16943055391311646, 0.19070906109280056
AAG48727.1,P,0.19857950508594513, 0.19148985048135123
AAG48727.1,V,0.20185422897338867, 0.19402571850352818
AAG48727.1,P,0.20639288425445557, 0.1893975767824385
AAG48727.1,T,0.19030170142650604, 0.19027288920349544
AAG48727.1,P,0.21162080764770508, 0.19436689052316877
AAG48727.1,I,0.18403123319149017, 0.19631905688179863
AAG48727.1,C,0.1605234593153, 0.19750837319427067
AAG48727.1,P,0.18972162902355194, 0.1962043477429284
AAG48727.1,T,0.2062765657901764, 0.19659931461016336
AAG48727.1,T,0.2161490023136139, 0.19679290552934012
AAG48727.1,T,0.2125580757856369, 0.2006116658449173
AAG48727.1,P,0.19465665519237518, 0.20664027167691124
AAG48727.1,P,0.1938564032316208, 0.2100967698627048
AAG48727.1,P,0.21336312592029572, 0.2125735597478019
AAG48727.1,P,0.21840007603168488, 0.2115871873166826
AAG48727.1,P,0.21478091180324554, 0.21150759524769253
AAG48727.1,P,0.22083011269569397, 0.215045765042305
AAG48727.1,P,0.2285676747560501, 0.2105449984471003
AAG48727.1,S,0.20727165043354034, 0.20814640323321024
AAG48727.1,P,0.21184174716472626, 0.2035417291853163
AAG48727.1,E,0.22650018334388733, 0.20139012071821424
AAG48727.1,A,0.15334950387477875, 0.19973002208603752
AAG48727.1,H,0.19177576899528503, 0.1952725052833557
AAG48727.1,V,0.17695800960063934, 0.19684413903289372
AAG48727.1,P,0.1954164355993271, 0.19110678798622555
AAG48727.1,P,0.20588922500610352, 0.18841933872964647
AAG48727.1,P,0.18845002353191376, 0.19215081632137299
AAG48727.1,Y,0.22141635417938232, 0.19013918273978764
AAG48727.1,A,0.16020558774471283, 0.18789637751049465
AAG48727.1,E,0.2023131400346756, 0.18097014228502908
AAG48727.1,P,0.18693280220031738, 0.17325457764996421
AAG48727.1,T,0.17367106676101685, 0.16314931048287284
AAG48727.1,T,0.15677276253700256, 0.14769360340303844
AAG48727.1,T,0.13308031857013702, 0.14159370958805084
AAG48727.1,Q,0.13644914329051971, 0.12630419847038057
AAG48727.1,C,0.09750261902809143, 0.1136538651254442
AAG48727.1,F,0.08231499046087265, 0.10786797106266022
AAG48727.1,P,0.10530654340982437, 0.10656754838095771
AAG48727.1,I,0.06470753997564316, 0.11621328360504574
AAG48727.1,L,0.07307980209589005, 0.12296802633338505
AAG48727.1,H,0.121598020195961, 0.12918836375077566
AAG48727.1,P,0.14506895840168, 0.14502773102786806
AAG48727.1,P,0.21989193558692932, 0.15079353584183586
AAG48727.1,G,0.19724182784557343, 0.15742392755217022
AAG48727.1,A,0.15348565578460693, 0.16191641572448942
AAG48727.1,P,0.22486929595470428, 0.1686667361193233
AAG48727.1,S,0.15719878673553467, 0.16330654091305202
AAG48727.1,A,0.12438106536865234, 0.1441188082098961
AAG48727.1,H,0.11351219564676285, 0.1342068314552307
AAG48727.1,R,0.18235090374946594, 0.12984609852234522
AAG48727.1,P,0.0968272015452385, 0.12252217448419994
AAG48727.1,W,0.04720234125852585, 0.1152818931473626
AAG48727.1,Q,0.10803403705358505, 0.10316190123558044
AAG48727.1,M,0.11423905938863754, 0.10198766324255201
AAG48727.1,K,0.1589539796113968, 0.09053304625882043
AAG48727.1,D,0.09203625470399857, 0.08167466003861693
AAG48727.1,L,0.015301138162612915, 0.08432697649631235
AAG48727.1,Q,0.10294405370950699, 0.08527530377937688
AAG48727.1,A,0.07925935089588165, 0.0803089313622978
AAG48727.1,I,0.017101725563406944, 0.06509423318008582
AAG48727.1,K,0.07107318937778473, 0.06584289732078712
AAG48727.1,Q,0.11656898260116577, 0.07525391110943423
AAG48727.1,E,0.06954170763492584, 0.07109815441071987
AAG48727.1,V,0.022021695971488953, 0.07353619879318608
AAG48727.1,S,0.09877423197031021, 0.08428203562895457
AAG48727.1,S,0.10000026226043701, 0.08680426412158543
AAG48727.1,S,0.06554224342107773, 0.0804397240281105
AAG48727.1,A,0.10120175033807755, 0.0845734899242719
AAG48727.1,P,0.11381425708532333, 0.09176072147157457
AAG48727.1,G,0.0937732458114624, 0.08536455283562343
AAG48727.1,S,0.05928812175989151, 0.08118875407510334
AAG48727.1,P,0.10674560070037842, 0.08861596054501003
AAG48727.1,Q,0.08670677989721298, 0.08245181002550656
AAG48727.1,F,0.04120871424674988, 0.07155523573358853
AAG48727.1,M,0.062418073415756226, 0.07388940246568786
AAG48727.1,Q,0.13238710165023804, 0.07572969338960117
AAG48727.1,T,0.04572439566254616, 0.06596103579633766
AAG48727.1,L,0.015745088458061218, 0.060438517274128065
AAG48727.1,R,0.11478074640035629, 0.06501437082058853
AAG48727.1,L,0.07585074007511139, 0.07002510068317254
AAG48727.1,A,0.018827682361006737, 0.06431392600966825
AAG48727.1,V,0.03700411319732666, 0.06965870389507876
AAG48727.1,Q,0.0823913961648941, 0.07206125826471382
AAG48727.1,Q,0.1075146421790123, 0.06739553002019723
AAG48727.1,F,0.08098652958869934, 0.06533504215379556
AAG48727.1,D,0.09382739663124084, 0.07414294820692804
AAG48727.1,P,0.03736807778477669, 0.07629702985286713
AAG48727.1,T,0.07278919219970703, 0.06952355408834086
AAG48727.1,A,0.05730634927749634, 0.0643014061368174
AAG48727.1,K,0.09809883683919907, 0.06232902966439724
AAG48727.1,D,0.05639084801077843, 0.05353790024916331
AAG48727.1,L,0.021430114284157753, 0.05078311192078723
AAG48727.1,Q,0.06051531061530113, 0.05370061689366897
AAG48727.1,D,0.06323514133691788, 0.05525536679973205
AAG48727.1,L,0.014707231894135475, 0.04775777883413765
AAG48727.1,L,0.012574982829391956, 0.044657091403173074
AAG48727.1,Q,0.0990467369556427, 0.050487202799154654
AAG48727.1,Y,0.07129909843206406, 0.05770311038941145
AAG48727.1,L,0.030620545148849487, 0.06065522082563904
AAG48727.1,C,0.028484661132097244, 0.06383223262512022
AAG48727.1,S,0.07390111684799194, 0.06773409578535292
AAG48727.1,S,0.1254584789276123, 0.06558111972279018
AAG48727.1,L,0.08980413526296616, 0.0631563700735569
AAG48727.1,V,0.043300338089466095, 0.0627661682665348
AAG48727.1,V,0.04769175127148628, 0.06740871485736635
AAG48727.1,S,0.07966995239257812, 0.06970540351337856
AAG48727.1,L,0.04947635158896446, 0.0623874386979474
AAG48727.1,H,0.027108728885650635, 0.055917891363302864
AAG48727.1,H,0.07026758044958115, 0.06474022981193331
AAG48727.1,Q,0.0945713147521019, 0.07217892135183017
AAG48727.1,Q,0.059596795588731766, 0.06883443478080961
AAG48727.1,L,0.03157820925116539, 0.06831697415974405
AAG48727.1,N,0.12270138412714005, 0.08151649890674485
AAG48727.1,T,0.11463997513055801, 0.09258772308627765
AAG48727.1,L,0.04956957325339317, 0.08881143521931437
AAG48727.1,I,0.04481920599937439, 0.09815150582128102
AAG48727.1,T,0.14590445160865784, 0.11434201854798529
AAG48727.1,E,0.16990859806537628, 0.12042330246832636
AAG48727.1,A,0.06058472394943237, 0.12518951586551136
AAG48727.1,E,0.14365743100643158, 0.1370758828189638
AAG48727.1,T,0.1772928237915039, 0.1540884723265966
AAG48727.1,R,0.17743293941020966, 0.155230603284306
AAG48727.1,G,0.15753589570522308, 0.15984720488389334
AAG48727.1,M,0.15654687583446503, 0.1733359711037742
AAG48727.1,T,0.19793251156806946, 0.16862228926685122
AAG48727.1,G,0.1561836302280426, 0.1641263688604037
AAG48727.1,Y,0.2114580124616623, 0.1604623587595092
AAG48727.1,N,0.18198361992835999, 0.1622568757997619
AAG48727.1,P,0.10123429447412491, 0.16165874815649456
AAG48727.1,M,0.13682954013347626, 0.1559961744480663
AAG48727.1,A,0.14445684850215912, 0.1612642581264178
AAG48727.1,G,0.17368654906749725, 0.15489340904686186
AAG48727.1,P,0.1511637270450592, 0.14749866724014282
AAG48727.1,L,0.14696934819221497, 0.15068126138713625
AAG48727.1,R,0.20359638333320618, 0.15572629620631537
AAG48727.1,M,0.15412037074565887, 0.1585838422179222
AAG48727.1,Q,0.11543094366788864, 0.16074836005767187
AAG48727.1,A,0.12987764179706573, 0.16238198760483
AAG48727.1,N,0.18223485350608826, 0.15983763585488
AAG48727.1,N,0.1701747626066208, 0.15912523617347082
AAG48727.1,P,0.19316720962524414, 0.164813954797056
AAG48727.1,A,0.16586637496948242, 0.16078982750574747
AAG48727.1,Q,0.1240701824426651, 0.15576600614521238
AAG48727.1,Q,0.19718478620052338, 0.16087460766235986
AAG48727.1,G,0.20531883835792542, 0.15487135036124122
AAG48727.1,L,0.07921379804611206, 0.13780305741561782
AAG48727.1,R,0.08466324955224991, 0.12704168798194992
AAG48727.1,R,0.22821226716041565, 0.13021406076020664
AAG48727.1,E,0.11614544689655304, 0.11219473762644662
AAG48727.1,Y,0.03955257311463356, 0.09099668647266096
AAG48727.1,Q,0.0690140500664711, 0.09014599739263456
AAG48727.1,N,0.1526215374469757, 0.0923317303467128
AAG48727.1,L,0.03501087799668312, 0.06851835755838288
AAG48727.1,W,0.014536377973854542, 0.05731662455946207
AAG48727.1,L,0.07155759632587433, 0.06209541246708897
AAG48727.1,A,0.10433484613895416, 0.06581022145433559
AAG48727.1,A,0.013891912065446377, 0.05433108709338638
AAG48727.1,F,0.015329849906265736, 0.05782651497672001
AAG48727.1,S,0.0825616642832756, 0.06608863050738971
AAG48727.1,T,0.10244733095169067, 0.07139341822928852
AAG48727.1,L,0.04930932819843292, 0.0713117772506343
AAG48727.1,P,0.06646972894668579, 0.08873703051358461
AAG48727.1,G,0.08889541774988174, 0.10343993703524272
AAG48727.1,N,0.11930068582296371, 0.10477317869663239
AAG48727.1,T,0.10360007733106613, 0.10549525502655241
AAG48727.1,R,0.1707191914319992, 0.10818461080392201
AAG48727.1,D,0.14765600860118866, 0.110072603656186
AAG48727.1,P,0.09456083923578262, 0.10851813438865873
AAG48727.1,S,0.10894601792097092, 0.09863355859286255
AAG48727.1,W,0.07351353019475937, 0.09713877509865496
AAG48727.1,A,0.08346166461706161, 0.08350599205328359
AAG48727.1,A,0.07490519434213638, 0.07390028465953138
AAG48727.1,I,0.030339503660798073, 0.07867672356466453
AAG48727.1,L,0.09014702588319778, 0.08887337210277717
AAG48727.1,Q,0.048024144023656845, 0.08866757713258266
AAG48727.1,G,0.06120464205741882, 0.08724828457666768
AAG48727.1,L,0.1375487893819809, 0.08244259427818987
AAG48727.1,E,0.20071585476398468, 0.08406128154860602
AAG48727.1,E,0.07166137546300888, 0.07955295882291263
AAG48727.1,P,0.07068803161382675, 0.07622757512662146
AAG48727.1,Y,0.031653981655836105, 0.0714980291409625
AAG48727.1,C,0.04490768909454346, 0.07047125800616211
AAG48727.1,A,0.04957212135195732, 0.05606351730724176
AAG48727.1,F,0.01809569075703621, 0.0492284812240137
AAG48727.1,V,0.01863872818648815, 0.04625204919526974
AAG48727.1,E,0.12830784916877747, 0.0576197961345315
AAG48727.1,R,0.07104618847370148, 0.05483291411979331
AAG48727.1,L,0.010146050713956356, 0.05216997416896953
AAG48727.1,N,0.04390014335513115, 0.061784574658506446
AAG48727.1,V,0.1339637041091919, 0.07191142967591684
AAG48727.1,A,0.019825750961899757, 0.06630691337502664
AAG48727.1,L,0.025605661794543266, 0.06712454091757536
AAG48727.1,D,0.1046270951628685, 0.08655786058968967
AAG48727.1,N,0.10978042334318161, 0.10585077355305354
AAG48727.1,G,0.07786720246076584, 0.11047137363089456
AAG48727.1,L,0.07840483635663986, 0.12757599995368057
AAG48727.1,P,0.18504592776298523, 0.133352130651474
AAG48727.1,E,0.21753636002540588, 0.13018132911788094
AAG48727.1,G,0.17554910480976105, 0.1370655604534679
AAG48727.1,T,0.17376738786697388, 0.13973563495609495
AAG48727.1,P,0.07759083807468414, 0.1362374039987723
AAG48727.1,K,0.07608988136053085, 0.11804479257100159
AAG48727.1,E,0.17173850536346436, 0.10244156068397893
AAG48727.1,P,0.10189787298440933, 0.09327366679079002
AAG48727.1,I,0.04692075774073601, 0.07734478120174673
AAG48727.1,L,0.021312424913048744, 0.07066159591906601
AAG48727.1,R,0.077107273042202, 0.06974392694731553
AAG48727.1,S,0.09303805977106094, 0.058518773772650294
AAG48727.1,L,0.030407417565584183, 0.05167693541281753
AAG48727.1,A,0.017442170530557632, 0.047766282947527036
AAG48727.1,Y,0.06783086061477661, 0.05497412756085396
AAG48727.1,S,0.0707121267914772, 0.0613884110417631
AAG48727.1,N,0.04032132774591446, 0.05977262349592315
AAG48727.1,A,0.011724885553121567, 0.06017531702915827
AAG48727.1,N,0.08618302643299103, 0.06870782085590893
AAG48727.1,K,0.13483582437038422, 0.0751966970662276
AAG48727.1,E,0.07849597185850143, 0.07543089199397299
AAG48727.1,C,0.03403165936470032, 0.07379533950653341
AAG48727.1,Q,0.09423470497131348, 0.0828531523131662
AAG48727.1,K,0.12623074650764465, 0.08190856522156133
AAG48727.1,I,0.07281988114118576, 0.0838061221357849
AAG48727.1,L,0.025601355358958244, 0.08321304515832001
AAG48727.1,Q,0.09324520081281662, 0.09455515671935347
AAG48727.1,A,0.07768174260854721, 0.1008746414962742
AAG48727.1,R,0.1519138365983963, 0.10835486878123549
AAG48727.1,G,0.07315827906131744, 0.11010103486478329
AAG48727.1,H,0.13611066341400146, 0.12454745752943887
AAG48727.1,T,0.15111006796360016, 0.1234856140282419
AAG48727.1,N,0.19355279207229614, 0.13300017681386736
AAG48727.1,S,0.088535375893116, 0.1316733890109592
AAG48727.1,P,0.15561915934085846, 0.1263723396178749
AAG48727.1,L,0.08368860930204391, 0.11319056422346169
AAG48727.1,G,0.16331280767917633, 0.1104190575165881
AAG48727.1,E,0.1399727463722229, 0.0949162073019478
AAG48727.1,M,0.025448834523558617, 0.0874837895648347
AAG48727.1,L,0.017474684864282608, 0.07781558256182405
AAG48727.1,R,0.12616650760173798, 0.07624113497634728
AAG48727.1,T,0.05402714014053345, 0.07088905510803063
AAG48727.1,C,0.021643616259098053, 0.06438821740448475
AAG48727.1,Q,0.06860529631376266, 0.07442907947633001
AAG48727.1,A,0.06951858103275299, 0.09320695946613948
AAG48727.1,W,0.11514408886432648, 0.09707499129904641
AAG48727.1,T,0.0814652070403099, 0.10731298310889138
AAG48727.1,P,0.11581659317016602, 0.11828826202286614
AAG48727.1,K,0.18647560477256775, 0.12554011990626654
AAG48727.1,D,0.1609787940979004, 0.12943535877598655
AAG48727.1,K,0.14616906642913818, 0.13056276241938272
AAG48727.1,T,0.12042112648487091, 0.1348399312959777
AAG48727.1,K,0.13387201726436615, 0.13740939481390846
AAG48727.1,V,0.1045757308602333, 0.13571783983045155
AAG48727.1,L,0.12529072165489197, 0.13752728617853588
AAG48727.1,V,0.11995972692966461, 0.14678124338388443
AAG48727.1,V,0.13894176483154297, 0.15459471030367744
AAG48727.1,Q,0.17125160992145538, 0.16181054794126087
AAG48727.1,P,0.17726381123065948, 0.1708699878719118
AAG48727.1,R,0.22945468127727509, 0.17534596059057447
AAG48727.1,K,0.19074232876300812, 0.1763275315364202
AAG48727.1,P,0.19881455600261688, 0.17859522667196062
AAG48727.1,P,0.1861106902360916, 0.17491954565048218
AAG48727.1,P,0.16557447612285614, 0.16044145367211765
AAG48727.1,T,0.128793865442276, 0.1458666171464655
AAG48727.1,Q,0.15935102105140686, 0.1426969381670157
AAG48727.1,P,0.13817048072814941, 0.12967346318893963
AAG48727.1,C,0.0469609834253788, 0.11414135992527008
AAG48727.1,F,0.09828115254640579, 0.10977580315536922
AAG48727.1,R,0.1622152179479599, 0.11109037862883674
AAG48727.1,C,0.0816032811999321, 0.09874384063813421
AAG48727.1,G,0.04632176086306572, 0.09583422831363148
AAG48727.1,K,0.12628446519374847, 0.10091259413295323
AAG48727.1,I,0.14062504470348358, 0.10079135994116466
AAG48727.1,G,0.04823217913508415, 0.10357587536176045
AAG48727.1,H,0.11198396980762482, 0.10365098052554661
AAG48727.1,W,0.09266627579927444, 0.10297187459137705
AAG48727.1,S,0.09719004482030869, 0.10043111567695935
AAG48727.1,R,0.18727585673332214, 0.09482583693332142
AAG48727.1,D,0.08227922767400742, 0.10217372990316814
AAG48727.1,C,0.0402098074555397, 0.11340353141228358
AAG48727.1,T,0.10341763496398926, 0.12283578018347423
AAG48727.1,Q,0.09017753601074219, 0.13380344294839436
AAG48727.1,P,0.11436321586370468, 0.12993968278169632
AAG48727.1,R,0.2130521833896637, 0.13522984915309483
AAG48727.1,P,0.17755651473999023, 0.14257876409424675
AAG48727.1,P,0.19589900970458984, 0.13551472624142966
AAG48727.1,P,0.15250201523303986, 0.1340729287929005
AAG48727.1,G,0.12989072501659393, 0.12928017725547156
AAG48727.1,P,0.10635004192590714, 0.11188685521483421
AAG48727.1,C,0.039841294288635254, 0.10196575398246448
AAG48727.1,P,0.07720135897397995, 0.09165891632437706
AAG48727.1,L,0.07122845202684402, 0.08949276101258066
AAG48727.1,C,0.05651228502392769, 0.08390459294120471
AAG48727.1,Q,0.08826660364866257, 0.08347369937433137
AAG48727.1,E,0.10313747078180313, 0.09022616388069259
AAG48727.1,P,0.13300661742687225, 0.09171435526675648
AAG48727.1,S,0.07959721237421036, 0.10134269669651985
AAG48727.1,H,0.10247199982404709, 0.10442251794868046
AAG48727.1,W,0.10061347484588623, 0.1005552928480837
AAG48727.1,K,0.09059508144855499, 0.09857774318920241
AAG48727.1,R,0.15788352489471436, 0.10183079913258553
AAG48727.1,D,0.08423067629337311, 0.10251750258935823
AAG48727.1,C,0.053461577743291855, 0.11079942310849826
AAG48727.1,P,0.08533952385187149, 0.11828113388684061
AAG48727.1,Q,0.16228412091732025, 0.12987947091460228
AAG48727.1,L,0.08577754348516464, 0.1370844571954674
AAG48727.1,K,0.17700928449630737, 0.15276858831445375
AAG48727.1,P,0.1679488718509674, 0.17224477893776363
AAG48727.1,P,0.19498011469841003, 0.18041232973337173
AAG48727.1,Q,0.2227284014225006, 0.18287409924798542
AAG48727.1,E,0.22538785636425018, 0.18946073121494716
AAG48727.1,E,0.22874729335308075, 0.18455430534150866
AAG48727.1,G,0.15884748101234436, 0.177510942849848
AAG48727.1,E,0.18444004654884338, 0.1684408899810579
AAG48727.1,P,0.14505723118782043, 0.15705594917138418
AAG48727.1,L,0.13285145163536072, 0.1458478661047088
AAG48727.1,L,0.10455860942602158, 0.13568498111433452
AAG48727.1,L,0.11334963887929916, 0.13320029692517388
AAG48727.1,D,0.12026393413543701, 0.12841184685627619
AAG48727.1,L,0.1245151087641716, 0.1274647389849027
AAG48727.1,P,0.13728132843971252, 0.12785157478517956
AAG48727.1,S,0.13648532330989838, 0.13366231818993887
AAG48727.1,T,0.14134399592876434, 0.1388614285323355
AAG48727.1,S,0.13653326034545898, 0.1490280023879475
AAG48727.1,G,0.13633297383785248, 0.15898157987329695
AAG48727.1,T,0.15685530006885529, 0.16853219270706177
AAG48727.1,T,0.16014163196086884, 0.17712653345531887
AAG48727.1,E,0.21176309883594513, 0.1780310736762153
AAG48727.1,E,0.2140973061323166, 0.17978842887613508
AAG48727.1,K,0.2232368439435959, 0.19084235860241783
AAG48727.1,N,0.21383439004421234, 0.19254871043894026
AAG48727.1,S,0.14948485791683197, 0.19785196913613212
AAG48727.1,L,0.15234945714473724, 0.19105417860878837
AAG48727.1,R,0.23581834137439728, 0.16726558903853098
AAG48727.1,G,0.17221246659755707, 0.14246149526702034
AAG48727.1,E,0.2078709602355957, 0.11870211859544118
AAG48727.1,I,0.15058298408985138, 0.1020926899380154
AAL30504.1,M,0.10092039406299591, 0.06197098477019204
AAL30504.1,G,0.06384582817554474, 0.07329347564114465
AAL30504.1,Q,0.13012243807315826, 0.09041149748696221
AAL30504.1,I,0.11915343254804611, 0.1039741105503506
AAL30504.1,H,0.14369677007198334, 0.11914673613177405
AAL30504.1,G,0.10190241783857346, 0.1233133657111062
AAL30504.1,L,0.1540621966123581, 0.13313686350981394
AAL30504.1,S,0.1220635175704956, 0.1340768055783378
AAL30504.1,P,0.13655363023281097, 0.1357864812016487
AAL30504.1,T,0.13842006027698517, 0.14315403087271583
AAL30504.1,P,0.1522573083639145, 0.1451164409518242
AAL30504.1,I,0.13858191668987274, 0.14326535910367966
AAL30504.1,P,0.13454051315784454, 0.15427820301718181
AAL30504.1,K,0.21000471711158752, 0.15396016091108322
AAL30504.1,A,0.11956410855054855, 0.14974871608946058
AAL30504.1,P,0.1374024599790573, 0.1486647990014818
AAL30504.1,R,0.22117911279201508, 0.1453454006049368
AAL30504.1,G,0.13369125127792358, 0.14532478070921367
AAL30504.1,L,0.10051705688238144, 0.13308977252907223
AAL30504.1,S,0.1425020545721054, 0.12476380955841807
AAL30504.1,T,0.10870733112096786, 0.11960404821568066
AAL30504.1,H,0.13435493409633636, 0.10937978534234895
AAL30504.1,H,0.09988964349031448, 0.09926896790663402
AAL30504.1,W,0.044630441814661026, 0.09276622202661303
AAL30504.1,L,0.09096460789442062, 0.09053087648418215
AAL30504.1,N,0.12916074693202972, 0.08888567901319927
AAL30504.1,F,0.04269389435648918, 0.0804544956319862
AAL30504.1,L,0.041992343962192535, 0.08282535316215621
AAL30504.1,Q,0.12238394469022751, 0.09945416284932031
AAL30504.1,A,0.09390055388212204, 0.1023844579855601
AAL30504.1,A,0.058474283665418625, 0.10524433023399776
AAL30504.1,Y,0.12122736126184464, 0.1170262483259042
AAL30504.1,R,0.19428972899913788, 0.12567233418424925
AAL30504.1,L,0.11733726412057877, 0.12481941406925519
AAL30504.1,Q,0.15489959716796875, 0.13240434601902962
AAL30504.1,P,0.14873115718364716, 0.1426475884185897
AAL30504.1,G,0.11980711668729782, 0.13985656532976362
AAL30504.1,P,0.11470766365528107, 0.13106875866651535
AAL30504.1,S,0.16216494143009186, 0.13143194715181986
AAL30504.1,D,0.15066346526145935, 0.13200108375814226
AAL30504.1,F,0.09610815346240997, 0.12951536973317465
AAL30504.1,D,0.11519946902990341, 0.12127517039577167
AAL30504.1,F,0.1206059604883194, 0.12430653514133559
AAL30504.1,Q,0.1600218266248703, 0.1258113073805968
AAL30504.1,Q,0.1263597309589386, 0.11601821705698967
AAL30504.1,L,0.045645322650671005, 0.11066298269563252
AAL30504.1,R,0.14198994636535645, 0.11341692176130083
AAL30504.1,R,0.1757078915834427, 0.11299587041139603
AAL30504.1,F,0.06252565234899521, 0.10065513849258423
AAL30504.1,L,0.04791104421019554, 0.1004619805349244
AAL30504.1,K,0.13998492062091827, 0.11417718852559726
AAL30504.1,L,0.11681649833917618, 0.1112659519745244
AAL30504.1,A,0.04895523935556412, 0.10466385260224342
AAL30504.1,L,0.12462130934000015, 0.11173150398665005
AAL30504.1,K,0.16908219456672668, 0.12300938698980543
AAL30504.1,T,0.11578881740570068, 0.11999978952937657
AAL30504.1,P,0.11628899723291397, 0.12227007829480702
AAL30504.1,I,0.12613451480865479, 0.13236277467674679
AAL30504.1,W,0.14941199123859406, 0.13786557730701235
AAL30504.1,L,0.11289854347705841, 0.12653537094593048
AAL30504.1,N,0.13724909722805023, 0.1233111744125684
AAL30504.1,P,0.13978950679302216, 0.12129069368044536
AAL30504.1,I,0.17414653301239014, 0.11890207976102829
AAL30504.1,G,0.0671103373169899, 0.10828797643383344
AAL30504.1,Y,0.08677104860544205, 0.10389215209417874
AAL30504.1,S,0.09810467064380646, 0.1013197290400664
AAL30504.1,L,0.10463698953390121, 0.09579166645805041
AAL30504.1,L,0.05388506129384041, 0.08518267298738162
AAL30504.1,A,0.07333612442016602, 0.0905583645734522
AAL30504.1,S,0.11409728974103928, 0.10263832948274082
AAL30504.1,L,0.09003694355487823, 0.10624535092049175
AAL30504.1,I,0.078665591776371, 0.11047473177313805
AAL30504.1,P,0.11549156159162521, 0.1181847204764684
AAL30504.1,K,0.1954907327890396, 0.12449587715996636
AAL30504.1,G,0.13056786358356476, 0.12857154922352898
AAL30504.1,Y,0.1427014172077179, 0.12458248229490386
AAL30504.1,P,0.12327495962381363, 0.12812826161583266
AAL30504.1,G,0.13013653457164764, 0.1302617262634966
AAL30504.1,R,0.15077833831310272, 0.1137269822259744
AAL30504.1,V,0.054135341197252274, 0.10468168887827131
AAL30504.1,V,0.11057760566473007, 0.10221931752231386
AAL30504.1,E,0.1346927434206009, 0.09855059285958608
AAL30504.1,I,0.04667803645133972, 0.0905357123249107
AAL30504.1,I,0.049160223454236984, 0.08599589972032441
AAL30504.1,N,0.1205400750041008, 0.09675320155090755
AAL30504.1,I,0.09025643765926361, 0.10052523430850771
AAL30504.1,L,0.05800260975956917, 0.1031210066543685
AAL30504.1,V,0.10992002487182617, 0.11492165674765904
AAL30504.1,K,0.1509510576725006, 0.12706953576869434
AAL30504.1,N,0.1445259004831314, 0.13516628121336302
AAL30504.1,Q,0.15805469453334808, 0.14802545350458887
AAL30504.1,V,0.1528838872909546, 0.15940207242965698
AAL30504.1,S,0.1584911346435547, 0.1699645933177736
AAL30504.1,P,0.19341078400611877, 0.17333669629361895
AAL30504.1,S,0.20598898828029633, 0.17598388426833683
AAL30504.1,A,0.1603921800851822, 0.180649404724439
AAL30504.1,P,0.2049827128648758, 0.18587589429484475
AAL30504.1,A,0.18129998445510864, 0.1913288715812895
AAL30504.1,A,0.16835059225559235, 0.19091352820396423
AAL30504.1,P,0.20004437863826752, 0.19155426488982308
AAL30504.1,V,0.19992229342460632, 0.1942539612452189
AAL30504.1,P,0.20756793022155762, 0.18916186028056675
AAL30504.1,T,0.18967269361019135, 0.18994453052679697
AAL30504.1,P,0.21175561845302582, 0.19401871330208248
AAL30504.1,I,0.1846894472837448, 0.19579470654328665
AAL30504.1,C,0.1591538041830063, 0.19714579648441738
AAL30504.1,P,0.18834401667118073, 0.19582132663991716
AAL30504.1,T,0.20501823723316193, 0.19603420794010162
AAL30504.1,T,0.21602831780910492, 0.19596931172741783
AAL30504.1,T,0.21208210289478302, 0.1994966963926951
AAL30504.1,P,0.1956477016210556, 0.20547570453749764
AAL30504.1,P,0.1915886253118515, 0.20897991127438015
AAL30504.1,P,0.21117155253887177, 0.2116859257221222
AAL30504.1,P,0.21643590927124023, 0.21058143509758842
AAL30504.1,P,0.21296487748622894, 0.21056694785753885
AAL30504.1,P,0.21988187730312347, 0.21438729266325632
AAL30504.1,P,0.22937236726284027, 0.2104014837079578
AAL30504.1,S,0.2060879021883011, 0.20861218538549212
AAL30504.1,P,0.21195171773433685, 0.20391972859700522
AAL30504.1,E,0.23003080487251282, 0.20302868882815042
AAL30504.1,A,0.15571634471416473, 0.20210894611146715
AAL30504.1,H,0.1950678676366806, 0.19811655415429008
AAL30504.1,V,0.1742037981748581, 0.20024382074673971
AAL30504.1,P,0.20494551956653595, 0.196275500787629
AAL30504.1,P,0.21160419285297394, 0.19284272690614065
AAL30504.1,P,0.19344083964824677, 0.19587599403328365
AAL30504.1,Y,0.2252333015203476, 0.19367683430512747
AAL30504.1,V,0.1762368381023407, 0.19135396348105538
AAL30504.1,E,0.19913583993911743, 0.18320185442765555
AAL30504.1,P,0.18301574885845184, 0.1748123417297999
AAL30504.1,T,0.17527543008327484, 0.16407458235820135
AAL30504.1,T,0.15329796075820923, 0.14832185291581684
AAL30504.1,T,0.1315765380859375, 0.140528019103739
AAL30504.1,Q,0.13609857857227325, 0.12560168736510807
AAL30504.1,C,0.09680100530385971, 0.1135502051975992
AAL30504.1,F,0.08345873653888702, 0.10771690722968844
AAL30504.1,P,0.10609233379364014, 0.10675105700890224
AAL30504.1,I,0.06479885429143906, 0.11657767246166865
AAL30504.1,L,0.07455240935087204, 0.12330672889947891
AAL30504.1,H,0.12277574837207794, 0.12980898552470738
AAL30504.1,P,0.14460530877113342, 0.1455185678270128
AAL30504.1,P,0.22001607716083527, 0.15136733816729653
AAL30504.1,G,0.1966600865125656, 0.15800177637073728
AAL30504.1,A,0.15532131493091583, 0.16259726799196667
AAL30504.1,P,0.22484497725963593, 0.16944696423080233
AAL30504.1,S,0.15873126685619354, 0.16420817540751564
AAL30504.1,A,0.124508798122406, 0.14514165495832762
AAL30504.1,H,0.11591183394193649, 0.13537482544779778
AAL30504.1,R,0.18442301452159882, 0.13112514673007858
AAL30504.1,P,0.09745620936155319, 0.12407290231850412
AAL30504.1,W,0.04841739311814308, 0.11683488099111451
AAL30504.1,Q,0.10875862091779709, 0.10473788260585731
AAL30504.1,M,0.11707420647144318, 0.10348575541542636
AAL30504.1,K,0.1613747775554657, 0.09184619929227564
AAL30504.1,D,0.09358907490968704, 0.08295394128395452
AAL30504.1,L,0.015635812655091286, 0.08565166696078247
AAL30504.1,Q,0.10464268922805786, 0.08670392156475121
AAL30504.1,A,0.07966700941324234, 0.08149686724775368
AAL30504.1,I,0.017425887286663055, 0.06606002358926667
AAL30504.1,K,0.07269692420959473, 0.06683128285739157
AAL30504.1,Q,0.11822891235351562, 0.07636062821580304
AAL30504.1,E,0.07021071761846542, 0.07211091555655003
AAL30504.1,V,0.02244318462908268, 0.0746157303866413
AAL30504.1,S,0.10053040832281113, 0.08550615463819769
AAL30504.1,S,0.10139992088079453, 0.08804542674786514
AAL30504.1,S,0.06639527529478073, 0.08164743437535232
AAL30504.1,A,0.10221034288406372, 0.0859041969395346
AAL30504.1,P,0.11543970555067062, 0.09320113559563954
AAL30504.1,G,0.09555037319660187, 0.08671658403343624
AAL30504.1,S,0.06064698100090027, 0.08252492878172132
AAL30504.1,P,0.10852158069610596, 0.09007842590411504
AAL30504.1,Q,0.0881156325340271, 0.08394223493006495
AAL30504.1,F,0.042169444262981415, 0.07291651599937016
AAL30504.1,M,0.06367502361536026, 0.07529731343189876
AAL30504.1,Q,0.13437674939632416, 0.07716916749874751
AAL30504.1,T,0.04698462411761284, 0.06726085622277525
AAL30504.1,L,0.016208235174417496, 0.061668150333894625
AAL30504.1,R,0.11697755008935928, 0.06623107298380798
AAL30504.1,L,0.07749366760253906, 0.07118596985108322
AAL30504.1,A,0.019346779212355614, 0.06534655495650238
AAL30504.1,V,0.037781279534101486, 0.07072990035845174
AAL30504.1,Q,0.08323574811220169, 0.07321476377546787
AAL30504.1,Q,0.1082690954208374, 0.06850258861151007
AAL30504.1,F,0.08182201534509659, 0.06637921908663379
AAL30504.1,D,0.09543473273515701, 0.07526914527018864
AAL30504.1,P,0.038572005927562714, 0.07748098423083623
AAL30504.1,T,0.07456797361373901, 0.07067334858907594
AAL30504.1,A,0.05838334187865257, 0.0654524519211716
AAL30504.1,K,0.09935611486434937, 0.0635074381199148
AAL30504.1,D,0.05768783017992973, 0.05456851784967714
AAL30504.1,L,0.021967027336359024, 0.05169039685279131
AAL30504.1,Q,0.061281025409698486, 0.054576459547711745
AAL30504.1,D,0.06431689113378525, 0.05611638321230809
AAL30504.1,L,0.014984450303018093, 0.048528293458124004
AAL30504.1,L,0.012668916955590248, 0.04528974276036024
AAL30504.1,Q,0.10054253786802292, 0.05114254013945659
AAL30504.1,Y,0.07224265486001968, 0.05834868705521027
AAL30504.1,L,0.03106330707669258, 0.06120048287428088
AAL30504.1,C,0.028540873900055885, 0.06440822242034806
AAL30504.1,S,0.07464220374822617, 0.06838000006973743
AAL30504.1,S,0.12613634765148163, 0.06616176519956854
AAL30504.1,L,0.08998305350542068, 0.06369465072121885
AAL30504.1,V,0.04385410621762276, 0.06331103978057702
AAL30504.1,V,0.048414915800094604, 0.0680353335208363
AAL30504.1,S,0.08057842403650284, 0.07032208641370137
AAL30504.1,L,0.05003862455487251, 0.06301285119520293
AAL30504.1,H,0.027610808610916138, 0.05656740607486831
AAL30504.1,H,0.07105951756238937, 0.06546267784304088
AAL30504.1,Q,0.09522297978401184, 0.07290744947062598
AAL30504.1,Q,0.06035323068499565, 0.06948429801397854
AAL30504.1,L,0.03197404742240906, 0.06893785090910064
AAL30504.1,N,0.123911552131176, 0.08228132749597232
AAL30504.1,T,0.11541786044836044, 0.09329254966643122
AAL30504.1,L,0.049770060926675797, 0.08948120557599598
AAL30504.1,I,0.04512060061097145, 0.09889661230974728
AAL30504.1,T,0.14770209789276123, 0.11528258812096384
AAL30504.1,E,0.17016051709651947, 0.1213540571431319
AAL30504.1,A,0.06092088297009468, 0.12613773801260525
AAL30504.1,E,0.14509189128875732, 0.1382309670249621
AAL30504.1,T,0.17944782972335815, 0.15534905633992618
AAL30504.1,R,0.17855477333068848, 0.15637818848093352
AAL30504.1,G,0.1584709882736206, 0.16119195893406868
AAL30504.1,M,0.15860912203788757, 0.17483113043838078
AAL30504.1,T,0.1991834044456482, 0.17003447479671902
AAL30504.1,G,0.1569642871618271, 0.1653996639781528
AAL30504.1,Y,0.21348445117473602, 0.16170045899020302
AAL30504.1,N,0.1836734265089035, 0.16346868044800228
AAL30504.1,P,0.10192199051380157, 0.16272992061244118
AAL30504.1,M,0.1377345323562622, 0.15700334310531616
AAL30504.1,A,0.14526192843914032, 0.16220484673976898
AAL30504.1,G,0.1743849813938141, 0.15562165280183157
AAL30504.1,P,0.15196028351783752, 0.14809809294011858
AAL30504.1,L,0.14764420688152313, 0.15129460559950936
AAL30504.1,R,0.20377781987190247, 0.15621686644024319
AAL30504.1,M,0.15423570573329926, 0.15908091266949972
AAL30504.1,Q,0.11596138775348663, 0.16108669340610504
AAL30504.1,A,0.13069060444831848, 0.16251302427715725
AAL30504.1,N,0.18203487992286682, 0.1599991371234258
AAL30504.1,N,0.17103834450244904, 0.1592628045214547
AAL30504.1,P,0.19243700802326202, 0.1650274528397454
AAL30504.1,A,0.16479726135730743, 0.16102087746063867
AAL30504.1,Q,0.12501922249794006, 0.15601829522185856
AAL30504.1,Q,0.1971508264541626, 0.16116825739542642
AAL30504.1,G,0.20611754059791565, 0.1552105372150739
AAL30504.1,L,0.07990220934152603, 0.13833288641439545
AAL30504.1,R,0.08566736429929733, 0.12780600662032762
AAL30504.1,R,0.22838453948497772, 0.13099903240799904
AAL30504.1,E,0.11741886287927628, 0.11304877739813593
AAL30504.1,Y,0.04053815081715584, 0.09178169382115205
AAL30504.1,Q,0.07005534321069717, 0.09094168887370163
AAL30504.1,N,0.15375645458698273, 0.09313880217572053
AAL30504.1,L,0.03559853136539459, 0.06933353396339549
AAL30504.1,W,0.014713788405060768, 0.05801481080965863
AAL30504.1,L,0.0723421648144722, 0.06278331608821948
AAL30504.1,A,0.1054413840174675, 0.06648828368633986
AAL30504.1,A,0.014137125574052334, 0.05495839141723183
AAL30504.1,F,0.01555035449564457, 0.05840419139713049
AAL30504.1,S,0.08345469832420349, 0.06665374224798547
AAL30504.1,T,0.10340005159378052, 0.07190814914388789
AAL30504.1,L,0.04998742416501045, 0.07173239160329103
AAL30504.1,P,0.06661073118448257, 0.08924720084501638
AAL30504.1,G,0.08895974606275558, 0.10413202767570813
AAL30504.1,N,0.119631826877594, 0.10545665481024319
AAL30504.1,T,0.1038595661520958, 0.10621254932549265
AAL30504.1,R,0.17177040874958038, 0.10886675367752711
AAL30504.1,D,0.14951379597187042, 0.11077765458159977
AAL30504.1,P,0.09537634253501892, 0.10921677698691686
AAL30504.1,S,0.1102031022310257, 0.09935045925279458
AAL30504.1,W,0.07387526333332062, 0.09783520570231809
AAL30504.1,A,0.08380883932113647, 0.08415096853342321
AAL30504.1,A,0.07491184771060944, 0.07439357394145595
AAL30504.1,I,0.030834967270493507, 0.07903102888829178
AAL30504.1,L,0.09022228419780731, 0.0891424502349562
AAL30504.1,Q,0.04861227422952652, 0.08904306031763554
AAL30504.1,G,0.06169724464416504, 0.08762393581370513
AAL30504.1,L,0.13711343705654144, 0.08294682515164216
AAL30504.1,E,0.20120589435100555, 0.08455764088365766
AAL30504.1,E,0.07298075407743454, 0.08009329065680504
AAL30504.1,P,0.07103671878576279, 0.07677203685873085
AAL30504.1,Y,0.03281785175204277, 0.07203520565397209
AAL30504.1,C,0.04533230885863304, 0.07117497155235873
AAL30504.1,A,0.05004313215613365, 0.05684697524540954
AAL30504.1,F,0.018720990046858788, 0.0499033953787552
AAL30504.1,V,0.01906576380133629, 0.04694431906359063
AAL30504.1,E,0.12937133014202118, 0.05819482201089462
AAL30504.1,R,0.07225392758846283, 0.05538384026537339
AAL30504.1,L,0.010488535277545452, 0.05273636834075054
AAL30504.1,N,0.04440503194928169, 0.06236719929923614
AAL30504.1,V,0.13407237827777863, 0.07259726079387797
AAL30504.1,A,0.020033473148941994, 0.06698564657320578
AAL30504.1,L,0.02621588483452797, 0.06778861054529746
AAL30504.1,D,0.10539846867322922, 0.08735433572696315
AAL30504.1,N,0.11113631725311279, 0.10665257088840008
AAL30504.1,G,0.07886680215597153, 0.11141522870295578
AAL30504.1,L,0.0794806033372879, 0.128722100208203
AAL30504.1,P,0.18658006191253662, 0.13449487255679238
AAL30504.1,E,0.21808914840221405, 0.13130266633298662
AAL30504.1,G,0.1769362986087799, 0.13814590043491787
AAL30504.1,T,0.175795316696167, 0.14080637279484007
AAL30504.1,P,0.07817083597183228, 0.1372756804856989
AAL30504.1,K,0.07666861265897751, 0.11895335610542032
AAL30504.1,E,0.17272542417049408, 0.10332422020534675
AAL30504.1,P,0.1028110533952713, 0.09404088204933538
AAL30504.1,I,0.04770437255501747, 0.07790627268453439
AAL30504.1,L,0.021679142490029335, 0.07118787533707088
AAL30504.1,R,0.07742692530155182, 0.0702493902709749
AAL30504.1,S,0.09338625520467758, 0.058907241457038455
AAL30504.1,L,0.030583832412958145, 0.052021498067511454
AAL30504.1,A,0.01770525984466076, 0.048051740560266704
AAL30504.1,Y,0.06822224706411362, 0.0553637318727043
AAL30504.1,S,0.07064608484506607, 0.061862255757053695
AAL30504.1,N,0.040839362889528275, 0.06028229225840834
AAL30504.1,A,0.011976554989814758, 0.060751144463817276
AAL30504.1,N,0.08748706430196762, 0.06942648399207327
AAL30504.1,K,0.1359136402606964, 0.07596846711304453
AAL30504.1,E,0.07916658371686935, 0.07630831375718117
AAL30504.1,C,0.03480350226163864, 0.07467905183633168
AAL30504.1,Q,0.09578331559896469, 0.08374405238363478
AAL30504.1,K,0.12710009515285492, 0.08270784633027183
AAL30504.1,I,0.07370470464229584, 0.08461831592851216
AAL30504.1,L,0.026176005601882935, 0.08394580748346117
AAL30504.1,Q,0.0935615599155426, 0.09529633240567313
AAL30504.1,A,0.07816120982170105, 0.10142575038803948
AAL30504.1,R,0.15310786664485931, 0.10885495609707302
AAL30504.1,G,0.07311400771141052, 0.11057369576560126
AAL30504.1,H,0.13695822656154633, 0.12494894862174988
AAL30504.1,T,0.15094807744026184, 0.12388217035267088
AAL30504.1,N,0.1939629465341568, 0.13347893208265305
AAL30504.1,S,0.08917336165904999, 0.13203707420163685
AAL30504.1,P,0.15555328130722046, 0.12675071652564737
AAL30504.1,L,0.08396055549383163, 0.11350249954395825
AAL30504.1,G,0.16453206539154053, 0.11087619306312667
AAL30504.1,E,0.1401311457157135, 0.0954119438926379
AAL30504.1,M,0.025536788627505302, 0.08798681696256001
AAL30504.1,L,0.01772427372634411, 0.07842887938022614
AAL30504.1,R,0.1273113191127777, 0.07682720323403676
AAL30504.1,T,0.05478470399975777, 0.07134937660561667
AAL30504.1,C,0.02234721928834915, 0.06475603332122166
AAL30504.1,Q,0.06953184306621552, 0.0747671617815892
AAL30504.1,A,0.06954547017812729, 0.09326244683729278
AAL30504.1,W,0.11523162573575974, 0.09681046795513895
AAL30504.1,T,0.08079105615615845, 0.10674147059520085
AAL30504.1,P,0.11563694477081299, 0.11748429056670931
AAL30504.1,K,0.1841818392276764, 0.1242089859313435
AAL30504.1,D,0.15924350917339325, 0.12798727055390677
AAL30504.1,K,0.14416372776031494, 0.12863805062241024
AAL30504.1,T,0.1190325990319252, 0.1327090652452575
AAL30504.1,K,0.13005410134792328, 0.13512392259306377
AAL30504.1,V,0.1035500317811966, 0.1337412488129404
AAL30504.1,L,0.12108864635229111, 0.13582473579380247
AAL30504.1,V,0.1174301877617836, 0.1448862925171852
AAL30504.1,V,0.13737066090106964, 0.15494837197992536
AAL30504.1,Q,0.17173777520656586, 0.16243147022194332
AAL30504.1,P,0.17799489200115204, 0.17164969444274902
AAL30504.1,R,0.22571773827075958, 0.17605339404609469
AAL30504.1,R,0.2095913141965866, 0.17712539268864524
AAL30504.1,P,0.1974019855260849, 0.17930953204631805
AAL30504.1,P,0.18651404976844788, 0.17562134895059797
AAL30504.1,P,0.16072194278240204, 0.16111805993649694
AAL30504.1,T,0.12707817554473877, 0.1468778248462412
AAL30504.1,Q,0.15702791512012482, 0.14133412101202542
AAL30504.1,P,0.13854412734508514, 0.1285145137872961
AAL30504.1,C,0.04746529087424278, 0.11297967740231091
AAL30504.1,F,0.09755562245845795, 0.10968202890621291
AAL30504.1,R,0.1596979796886444, 0.11021483317017555
AAL30504.1,C,0.08202552050352097, 0.09827784531646305
AAL30504.1,G,0.04670052230358124, 0.09543396118614408
AAL30504.1,K,0.13104310631752014, 0.10043518038259612
AAL30504.1,V,0.13187341392040253, 0.10034103650185797
AAL30504.1,G,0.049595024436712265, 0.10325055610802439
AAL30504.1,H,0.11294917017221451, 0.10311179318361813
AAL30504.1,W,0.0924762636423111, 0.10248099060522185
AAL30504.1,S,0.09670832753181458, 0.09901706584625775
AAL30504.1,R,0.18588365614414215, 0.09416581566135089
AAL30504.1,D,0.0807766541838646, 0.10103674895233578
AAL30504.1,C,0.04102329909801483, 0.11193222552537918
AAL30504.1,T,0.09986778348684311, 0.12124571949243546
AAL30504.1,Q,0.08821216225624084, 0.13217186679442725
AAL30504.1,P,0.11143342405557632, 0.12881511532598072
AAL30504.1,R,0.2110084593296051, 0.13444490565194023
AAL30504.1,P,0.17629770934581757, 0.14143410159481895
AAL30504.1,P,0.1950436532497406, 0.13497571274638176
AAL30504.1,P,0.15567289292812347, 0.13378669197360674
AAL30504.1,G,0.1314447671175003, 0.129263486713171
AAL30504.1,P,0.10392606258392334, 0.11219467636611727
AAL30504.1,C,0.04174228385090828, 0.10305047283569972
AAL30504.1,P,0.07751097530126572, 0.09095609436432521
AAL30504.1,L,0.07072457671165466, 0.08800172060728073
AAL30504.1,C,0.057389166206121445, 0.0823629539873865
AAL30504.1,Q,0.09399987757205963, 0.08222832696305381
AAL30504.1,D,0.08619424700737, 0.08908248071869214
AAL30504.1,P,0.1290835291147232, 0.09030856564640999
AAL30504.1,S,0.08069586753845215, 0.0994881461891863
AAL30504.1,H,0.1027144193649292, 0.1022875267598364
AAL30504.1,W,0.10342966765165329, 0.09790176525712013
AAL30504.1,K,0.08854573965072632, 0.09755644078056018
AAL30504.1,R,0.15334080159664154, 0.10068522600664033
AAL30504.1,D,0.08258359134197235, 0.10119880860050519
AAL30504.1,C,0.054528024047613144, 0.10897623954547776
AAL30504.1,P,0.08308632671833038, 0.11585824895236227
AAL30504.1,Q,0.15724259614944458, 0.1273864826394452
AAL30504.1,L,0.08531811088323593, 0.13501069156659973
AAL30504.1,K,0.1727112978696823, 0.15069857446683776
AAL30504.1,P,0.1653677523136139, 0.1699895751145151
AAL30504.1,P,0.19229984283447266, 0.17830567310253778
AAL30504.1,Q,0.2219586819410324, 0.18134124990966585
AAL30504.1,E,0.22377453744411469, 0.1880024274190267
AAL30504.1,E,0.22814702987670898, 0.1835231516096327
AAL30504.1,G,0.15793120861053467, 0.17669390887022018
AAL30504.1,E,0.1845627874135971, 0.16785211116075516
AAL30504.1,P,0.14526870846748352, 0.15665129158231947
AAL30504.1,L,0.1323978155851364, 0.14553701298104393
AAL30504.1,L,0.10390456765890121, 0.13535580949650872
AAL30504.1,L,0.11272366344928741, 0.13287338697248036
AAL30504.1,D,0.12115130573511124, 0.12797041982412338
AAL30504.1,L,0.12374603003263474, 0.1268171626660559
AAL30504.1,P,0.13651619851589203, 0.12717898935079575
AAL30504.1,S,0.13558940589427948, 0.13301892413033378
AAL30504.1,T,0.1404360830783844, 0.13827206028832328
AAL30504.1,S,0.1348893940448761, 0.14838804718520907
AAL30504.1,G,0.1356542557477951, 0.15849702556928
AAL30504.1,T,0.15646398067474365, 0.16816037396589914
AAL30504.1,T,0.16000188887119293, 0.17690281901094648
AAL30504.1,E,0.21219518780708313, 0.17795825004577637
AAL30504.1,E,0.21472683548927307, 0.17984888950983682
AAL30504.1,K,0.22348633408546448, 0.19109369648827446
AAL30504.1,N,0.2142714112997055, 0.19290732343991598
AAL30504.1,S,0.14993496239185333, 0.19824667109383476
AAL30504.1,L,0.1519051492214203, 0.19145524336232078
AAL30504.1,R,0.23685751855373383, 0.1675967060857349
AAL30504.1,G,0.1727866232395172, 0.14276489118734995
AAL30504.1,E,0.2080560177564621, 0.11895695659849378
AAL30504.1,I,0.15107233822345734, 0.1022975163327323
ADQ00636.1,M,0.0992218628525734, 0.0588891456524531
ADQ00636.1,G,0.0580999031662941, 0.069185271859169
ADQ00636.1,Q,0.12529967725276947, 0.08569824364450243
ADQ00636.1,I,0.11376024782657623, 0.09903594603141148
ADQ00636.1,H,0.13362061977386475, 0.11332243763738209
ADQ00636.1,G,0.09266513586044312, 0.11725424726804097
ADQ00636.1,L,0.1486167460680008, 0.12720628331104913
ADQ00636.1,S,0.12003932148218155, 0.12790626866949928
ADQ00636.1,P,0.12857842445373535, 0.12969471597009236
ADQ00636.1,T,0.13460814952850342, 0.13755202376180226
ADQ00636.1,P,0.14766822755336761, 0.14032657113340166
ADQ00636.1,I,0.1315995454788208, 0.13841760158538818
ADQ00636.1,P,0.12985627353191376, 0.14773325870434442
ADQ00636.1,K,0.20433638989925385, 0.1481323101454311
ADQ00636.1,A,0.1176360622048378, 0.14356796360678142
ADQ00636.1,P,0.13143602013587952, 0.14051448802153269
ADQ00636.1,R,0.20388023555278778, 0.13466419610712263
ADQ00636.1,G,0.13216988742351532, 0.1329272695713573
ADQ00636.1,L,0.09352903068065643, 0.1203584952486886
ADQ00636.1,S,0.120186947286129, 0.11105444778998692
ADQ00636.1,I,0.07894691824913025, 0.1045070274008645
ADQ00636.1,H,0.11422393471002579, 0.09540506452322006
ADQ00636.1,H,0.09121742099523544, 0.08510522006286515
ADQ00636.1,W,0.03389963507652283, 0.07877024677064684
ADQ00636.1,L,0.07250923663377762, 0.07819284250338872
ADQ00636.1,N,0.12196256965398788, 0.07953657292657429
ADQ00636.1,F,0.03947128728032112, 0.0733034143017398
ADQ00636.1,L,0.036514271050691605, 0.07622931525111198
ADQ00636.1,Q,0.11499030888080597, 0.09449747991230753
ADQ00636.1,A,0.09104049205780029, 0.09931105996171634
ADQ00636.1,A,0.05812550708651543, 0.10327708100279172
ADQ00636.1,Y,0.11755052953958511, 0.1160633083846834
ADQ00636.1,R,0.19831311702728271, 0.12616822082135412
ADQ00636.1,L,0.11583145707845688, 0.12584803543157047
ADQ00636.1,Q,0.15765675902366638, 0.13401134519113433
ADQ00636.1,P,0.1545473337173462, 0.1452228766348627
ADQ00636.1,G,0.12745848298072815, 0.1419848029812177
ADQ00636.1,P,0.11210864037275314, 0.13278542459011078
ADQ00636.1,S,0.16451027989387512, 0.132935654785898
ADQ00636.1,D,0.1590292900800705, 0.13321067723962995
ADQ00636.1,F,0.08840786665678024, 0.12955475764142144
ADQ00636.1,D,0.1155187115073204, 0.11971845560603672
ADQ00636.1,F,0.11718352884054184, 0.12217343598604202
ADQ00636.1,Q,0.16013196110725403, 0.12270734955867131
ADQ00636.1,Q,0.12164405733346939, 0.1114522334602144
ADQ00636.1,L,0.03893176466226578, 0.10632541444566515
ADQ00636.1,R,0.1342034637928009, 0.1084751362601916
ADQ00636.1,R,0.16931550204753876, 0.10887399895323648
ADQ00636.1,F,0.05773324519395828, 0.09693023810784022
ADQ00636.1,L,0.042266495525836945, 0.09765995211071438
ADQ00636.1,K,0.13486620783805847, 0.1109965451889568
ADQ00636.1,L,0.12077329307794571, 0.10770115753014882
ADQ00636.1,A,0.052638113498687744, 0.09989591108428107
ADQ00636.1,L,0.12821148335933685, 0.10639473299185435
ADQ00636.1,K,0.15896110236644745, 0.11578163256247838
ADQ00636.1,T,0.1045449748635292, 0.10981348901987076
ADQ00636.1,P,0.099068284034729, 0.1082663776146041
ADQ00636.1,I,0.11622264236211777, 0.1152452023492919
ADQ00636.1,W,0.12674859166145325, 0.1179830175307062
ADQ00636.1,L,0.08115291595458984, 0.10820506016413371
ADQ00636.1,N,0.1068492904305458, 0.10391740087005827
ADQ00636.1,P,0.11544753611087799, 0.10304120182991028
ADQ00636.1,I,0.15285181999206543, 0.10098243753115337
ADQ00636.1,D,0.07095948606729507, 0.09137223122848405
ADQ00636.1,Y,0.06595604121685028, 0.08981742006209162
ADQ00636.1,S,0.09118249267339706, 0.09057774767279625
ADQ00636.1,L,0.09769376367330551, 0.0866568208568626
ADQ00636.1,L,0.04025673493742943, 0.0765271716647678
ADQ00636.1,A,0.06715961545705795, 0.07995886107285817
ADQ00636.1,S,0.11369223892688751, 0.09394304288758172
ADQ00636.1,L,0.08015919476747513, 0.09832449340158039
ADQ00636.1,I,0.061684977263212204, 0.10295895073148939
ADQ00636.1,P,0.10184469074010849, 0.11226458971699078
ADQ00636.1,K,0.19181367754936218, 0.11819564013017549
ADQ00636.1,G,0.13061554729938507, 0.11996830213401052
ADQ00636.1,Y,0.13940387964248657, 0.11656382804115613
ADQ00636.1,P,0.12400748580694199, 0.12084752155674829
ADQ00636.1,G,0.12053906917572021, 0.12237353208992216
ADQ00636.1,R,0.1296461969614029, 0.10486725179685487
ADQ00636.1,V,0.049518927931785583, 0.09506659168336126
ADQ00636.1,V,0.10023821890354156, 0.0904502814842595
ADQ00636.1,E,0.1155787855386734, 0.08485448898540603
ADQ00636.1,I,0.034257154911756516, 0.07613416843944126
ADQ00636.1,I,0.04240960627794266, 0.07205645077758366
ADQ00636.1,N,0.09785708785057068, 0.08110598723093669
ADQ00636.1,I,0.07364535331726074, 0.0835964861843321
ADQ00636.1,L,0.04205618426203728, 0.08584582640065087
ADQ00636.1,V,0.09294673800468445, 0.09739492543869549
ADQ00636.1,K,0.1309647560119629, 0.10892945321069823
ADQ00636.1,N,0.12265270948410034, 0.1184223737153742
ADQ00636.1,Q,0.1358228474855423, 0.13187321316864756
ADQ00636.1,V,0.13819904625415802, 0.1448455254236857
ADQ00636.1,S,0.1462203562259674, 0.15708195666472116
ADQ00636.1,P,0.18329337239265442, 0.16075291401810116
ADQ00636.1,S,0.1947029083967209, 0.17010699874824947
ADQ00636.1,A,0.15880699455738068, 0.17841485308276284
ADQ00636.1,P,0.2030746191740036, 0.18516360388861763
ADQ00636.1,A,0.1640033721923828, 0.19135090708732605
ADQ00636.1,P,0.20683947205543518, 0.19185452163219452
ADQ00636.1,P,0.21059353649616241, 0.19314071701632607
ADQ00636.1,V,0.1989378035068512, 0.19562134974532658
ADQ00636.1,P,0.20190608501434326, 0.19093883534272513
ADQ00636.1,T,0.18782590329647064, 0.1932127426067988
ADQ00636.1,P,0.20627866685390472, 0.19267460207144418
ADQ00636.1,I,0.18113268911838531, 0.19320766627788544
ADQ00636.1,C,0.16093198955059052, 0.19468771583504146
ADQ00636.1,P,0.18446853756904602, 0.1935778624481625
ADQ00636.1,T,0.20199620723724365, 0.19406376613510978
ADQ00636.1,T,0.2153911143541336, 0.19467480646239388
ADQ00636.1,T,0.2122582495212555, 0.19887197845511967
ADQ00636.1,P,0.19191740453243256, 0.204778759015931
ADQ00636.1,P,0.19219903647899628, 0.20851360923714107
ADQ00636.1,P,0.21177802979946136, 0.2114578386147817
ADQ00636.1,P,0.21890723705291748, 0.21026516291830274
ADQ00636.1,P,0.21409301459789276, 0.20967729886372885
ADQ00636.1,P,0.21808218955993652, 0.21383311185571882
ADQ00636.1,P,0.22849427163600922, 0.2097891022761663
ADQ00636.1,S,0.20465703308582306, 0.20764801734023625
ADQ00636.1,P,0.20696747303009033, 0.20248192383183372
ADQ00636.1,E,0.2293197214603424, 0.20074876646200815
ADQ00636.1,A,0.15580295026302338, 0.19979276094171736
ADQ00636.1,H,0.192508265376091, 0.1954506668779585
ADQ00636.1,V,0.17241239547729492, 0.19748913745085397
ADQ00636.1,P,0.19849459826946259, 0.19375343951914045
ADQ00636.1,P,0.20947813987731934, 0.19016757276323107
ADQ00636.1,P,0.18941542506217957, 0.1929819385210673
ADQ00636.1,Y,0.22300326824188232, 0.19062524537245432
ADQ00636.1,V,0.17334619164466858, 0.1881574359205034
ADQ00636.1,E,0.1970469206571579, 0.1803545074330436
ADQ00636.1,P,0.1811322420835495, 0.1719506432612737
ADQ00636.1,T,0.17129802703857422, 0.1615090775820944
ADQ00636.1,T,0.15020211040973663, 0.1457586164275805
ADQ00636.1,T,0.12826824188232422, 0.13795912017424902
ADQ00636.1,Q,0.13384336233139038, 0.12312433620293935
ADQ00636.1,C,0.09544133394956589, 0.11105560676919089
ADQ00636.1,F,0.08124911785125732, 0.1055586189031601
ADQ00636.1,P,0.10315072536468506, 0.10467106931739384
ADQ00636.1,I,0.06353386491537094, 0.1144721508026123
ADQ00636.1,L,0.07251367717981339, 0.1213137987587187
ADQ00636.1,H,0.12182513624429703, 0.12773591693904665
ADQ00636.1,P,0.14221416413784027, 0.14346512407064438
ADQ00636.1,P,0.21647797524929047, 0.14936353349023396
ADQ00636.1,G,0.19541819393634796, 0.15597027043501535
ADQ00636.1,A,0.1532403975725174, 0.1603093296289444
ADQ00636.1,P,0.2228119820356369, 0.16662724398904377
ADQ00636.1,S,0.1562364101409912, 0.1611990597512987
ADQ00636.1,A,0.12299449741840363, 0.14227564964029524
ADQ00636.1,H,0.11156520992517471, 0.132170884973473
ADQ00636.1,R,0.17868636548519135, 0.12752206954691145
ADQ00636.1,P,0.09336050599813461, 0.1200861351357566
ADQ00636.1,W,0.0461672842502594, 0.1127767264842987
ADQ00636.1,Q,0.10447531193494797, 0.1007720043675767
ADQ00636.1,M,0.11140105873346329, 0.09957909521957238
ADQ00636.1,K,0.15588857233524323, 0.08824761977626218
ADQ00636.1,D,0.09045173227787018, 0.0797434151172638
ADQ00636.1,L,0.014951998367905617, 0.08230593138270909
ADQ00636.1,Q,0.10082902759313583, 0.08343745271364848
ADQ00636.1,A,0.07670308649539948, 0.07867425349023607
ADQ00636.1,I,0.016822664067149162, 0.06380047111047639
ADQ00636.1,K,0.06922993063926697, 0.0645284466445446
ADQ00636.1,Q,0.11465900391340256, 0.07388883932597107
ADQ00636.1,E,0.06853226572275162, 0.06984111273454295
ADQ00636.1,V,0.022024530917406082, 0.07237014443510109
ADQ00636.1,S,0.0970035120844841, 0.08301643075214492
ADQ00636.1,S,0.09919553250074387, 0.08560767562852965
ADQ00636.1,S,0.06439948827028275, 0.07940194838576847
ADQ00636.1,A,0.09946437180042267, 0.08337961137294769
ADQ00636.1,P,0.11263924092054367, 0.09043835144903925
ADQ00636.1,G,0.09255113452672958, 0.08415653970506456
ADQ00636.1,S,0.058807458728551865, 0.07995905189050569
ADQ00636.1,P,0.10433123260736465, 0.08721084851357672
ADQ00636.1,Q,0.08555319160223007, 0.08113159487644832
ADQ00636.1,F,0.04046720638871193, 0.07033573939568466
ADQ00636.1,M,0.061418142169713974, 0.07267207755810684
ADQ00636.1,Q,0.12966565787792206, 0.07441132494972812
ADQ00636.1,T,0.044751089066267014, 0.06488018151786593
ADQ00636.1,L,0.015476541593670845, 0.059406213048431605
ADQ00636.1,R,0.1135781779885292, 0.06397484160131878
ADQ00636.1,L,0.07446068525314331, 0.068863229205211
ADQ00636.1,A,0.018550941720604897, 0.06333781406283379
ADQ00636.1,V,0.03628747537732124, 0.06856330898072985
ADQ00636.1,Q,0.0815848633646965, 0.07094014912015861
ADQ00636.1,Q,0.10541363060474396, 0.06628860098620255
ADQ00636.1,F,0.0799369215965271, 0.06427268332077397
ADQ00636.1,D,0.09178054332733154, 0.07290556654334068
ADQ00636.1,P,0.036868102848529816, 0.07506495672795507
ADQ00636.1,T,0.07171424478292465, 0.06836709318061669
ADQ00636.1,A,0.05631742626428604, 0.06322429639597733
ADQ00636.1,K,0.09624689072370529, 0.06124443415966299
ADQ00636.1,D,0.055721987038850784, 0.0526568198369609
ADQ00636.1,L,0.021304091438651085, 0.0499390225029654
ADQ00636.1,Q,0.05912845954298973, 0.052931092886461154
ADQ00636.1,D,0.06211816146969795, 0.054556427937414914
ADQ00636.1,L,0.014492014423012733, 0.047245254947079554
ADQ00636.1,L,0.012407926842570305, 0.04425142394999663
ADQ00636.1,Q,0.09864287823438644, 0.05006284059749709
ADQ00636.1,Y,0.07094544172286987, 0.057310311330689326
ADQ00636.1,L,0.030446333810687065, 0.060182344168424606
ADQ00636.1,C,0.028777508065104485, 0.06332136876881123
ADQ00636.1,S,0.07360684126615524, 0.06717661188708411
ADQ00636.1,S,0.12435569614171982, 0.06502109848790699
ADQ00636.1,L,0.08796645700931549, 0.06249629416399532
ADQ00636.1,V,0.04274323582649231, 0.062088546032706894
ADQ00636.1,V,0.04710511490702629, 0.06643818111883269
ADQ00636.1,S,0.0792432576417923, 0.06850330324636565
ADQ00636.1,L,0.04822220280766487, 0.0612500479651822
ADQ00636.1,H,0.026776600629091263, 0.05488456164797147
ADQ00636.1,H,0.06792422384023666, 0.06350230384204122
ADQ00636.1,Q,0.09219294041395187, 0.07068585687213474
ADQ00636.1,Q,0.059076398611068726, 0.06732952843109767
ADQ00636.1,L,0.030677080154418945, 0.06682826744185554
ADQ00636.1,N,0.12030291557312012, 0.07969612669613627
ADQ00636.1,T,0.11175709217786789, 0.09046174792779817
ADQ00636.1,L,0.04903630167245865, 0.08653977099392149
ADQ00636.1,I,0.0437108539044857, 0.09573142478863399
ADQ00636.1,T,0.1425873339176178, 0.11190675281816059
ADQ00636.1,E,0.1648148149251938, 0.11680619170268376
ADQ00636.1,A,0.05689514800906181, 0.12151224083370632
ADQ00636.1,E,0.14180128276348114, 0.13217910875876746
ADQ00636.1,T,0.1762550324201584, 0.14949803840782908
ADQ00636.1,R,0.16439786553382874, 0.15044447572694886
ADQ00636.1,G,0.15411153435707092, 0.15555679756734106
ADQ00636.1,V,0.14503811299800873, 0.16949328117900425
ADQ00636.1,T,0.19958122074604034, 0.16485389487610924
ADQ00636.1,G,0.15110526978969574, 0.1603659763932228
ADQ00636.1,Y,0.21082571148872375, 0.15807639807462692
ADQ00636.1,N,0.18232350051403046, 0.15998078137636185
ADQ00636.1,P,0.100046806037426, 0.16057137068774965
ADQ00636.1,M,0.1358637660741806, 0.15452123764488432
ADQ00636.1,A,0.14379166066646576, 0.16014129502905738
ADQ00636.1,G,0.17125098407268524, 0.1538054852022065
ADQ00636.1,P,0.15035341680049896, 0.14638898604445988
ADQ00636.1,L,0.14513002336025238, 0.1495322378145324
ADQ00636.1,R,0.20168578624725342, 0.15447941174109778
ADQ00636.1,M,0.15380342304706573, 0.15743818465206358
ADQ00636.1,Q,0.11557500809431076, 0.15964407142665651
ADQ00636.1,A,0.1283360719680786, 0.16120026426182854
ADQ00636.1,N,0.18038833141326904, 0.1588338447941674
ADQ00636.1,N,0.17042061686515808, 0.15805954237778982
ADQ00636.1,P,0.1911039650440216, 0.16364213161998326
ADQ00636.1,A,0.16435915231704712, 0.15952600042025247
ADQ00636.1,Q,0.12383224815130234, 0.1546354740858078
ADQ00636.1,Q,0.19471706449985504, 0.15971284939183128
ADQ00636.1,G,0.20404672622680664, 0.1538425096207195
ADQ00636.1,L,0.07852982729673386, 0.1369106446703275
ADQ00636.1,R,0.08432133495807648, 0.12614980340003967
ADQ00636.1,R,0.22608470916748047, 0.1290542425380813
ADQ00636.1,E,0.11758755892515182, 0.1112687380777465
ADQ00636.1,Y,0.038717180490493774, 0.09016888195441829
ADQ00636.1,Q,0.06751158088445663, 0.08925835808946027
ADQ00636.1,N,0.14997220039367676, 0.09127986369033654
ADQ00636.1,L,0.03464752435684204, 0.06768234581169155
ADQ00636.1,W,0.01414802111685276, 0.05626799911260605
ADQ00636.1,L,0.07033511251211166, 0.060956335730022855
ADQ00636.1,A,0.10251488536596298, 0.06459114369418886
ADQ00636.1,A,0.013707048259675503, 0.053323512276013695
ADQ00636.1,F,0.01485843863338232, 0.05669030381573571
ADQ00636.1,S,0.08091221004724503, 0.06478340323600504
ADQ00636.1,T,0.10022485256195068, 0.06998665444552898
ADQ00636.1,L,0.04856351763010025, 0.06990961792568366
ADQ00636.1,P,0.06494864821434021, 0.08704374057965146
ADQ00636.1,G,0.08698591589927673, 0.10150925152831608
ADQ00636.1,N,0.11716437339782715, 0.10286761654747857
ADQ00636.1,T,0.10182155668735504, 0.1036162061823739
ADQ00636.1,R,0.16791415214538574, 0.10620647668838501
ADQ00636.1,D,0.14504803717136383, 0.10802915195624034
ADQ00636.1,P,0.09313749521970749, 0.10645174897379345
ADQ00636.1,S,0.1069621592760086, 0.09671184606850147
ADQ00636.1,W,0.07187595218420029, 0.09508769648770492
ADQ00636.1,A,0.08135272562503815, 0.0816291994932625
ADQ00636.1,A,0.07278928905725479, 0.07215517655842835
ADQ00636.1,I,0.029505247250199318, 0.07668842354582416
ADQ00636.1,L,0.087204210460186, 0.08688086085021496
ADQ00636.1,Q,0.04678767919540405, 0.08663944134281741
ADQ00636.1,G,0.05978183075785637, 0.0852670617815521
ADQ00636.1,L,0.13393671810626984, 0.08060777249435584
ADQ00636.1,E,0.19869409501552582, 0.08221653973062833
ADQ00636.1,E,0.06970317661762238, 0.0778813867105378
ADQ00636.1,P,0.06900130957365036, 0.07465024520125654
ADQ00636.1,Y,0.030855685472488403, 0.07002683625453049
ADQ00636.1,C,0.043984152376651764, 0.06907759420573711
ADQ00636.1,A,0.04818783327937126, 0.05471764815350374
ADQ00636.1,F,0.017707405611872673, 0.048071890241569944
ADQ00636.1,V,0.018171150237321854, 0.04516256724794706
ADQ00636.1,E,0.12539353966712952, 0.05624064844515589
ADQ00636.1,R,0.06945458054542542, 0.05347271594736311
ADQ00636.1,L,0.009891355410218239, 0.05089458181626267
ADQ00636.1,N,0.04281740263104439, 0.0603056074016624
ADQ00636.1,V,0.13055841624736786, 0.07022895250055525
ADQ00636.1,A,0.0190727598965168, 0.0647766465942065
ADQ00636.1,L,0.024984626099467278, 0.06566553314526875
ADQ00636.1,D,0.10240663588047028, 0.08483049004442161
ADQ00636.1,N,0.10748125612735748, 0.10401006560358736
ADQ00636.1,G,0.07632278650999069, 0.10863515424231689
ADQ00636.1,L,0.07745455950498581, 0.1257259843664037
ADQ00636.1,P,0.182375967502594, 0.13136792265706593
ADQ00636.1,E,0.21543358266353607, 0.12826022671328652
ADQ00636.1,G,0.17218421399593353, 0.1350309368636873
ADQ00636.1,T,0.17289023101329803, 0.13757849153545168
ADQ00636.1,P,0.0757620707154274, 0.13407219242718485
ADQ00636.1,K,0.07443737238645554, 0.11610533255669805
ADQ00636.1,E,0.16841764748096466, 0.10052807504932086
ADQ00636.1,P,0.09925077855587006, 0.09148958201209705
ADQ00636.1,I,0.045897867530584335, 0.07553730987840229
ADQ00636.1,L,0.02067422866821289, 0.06898033515446717
ADQ00636.1,R,0.07523826509714127, 0.06808515369064277
ADQ00636.1,S,0.09083777666091919, 0.05697997804317209
ADQ00636.1,L,0.029319781810045242, 0.05031463855670558
ADQ00636.1,A,0.016749298200011253, 0.0464904730518659
ADQ00636.1,Y,0.06638073921203613, 0.05358095053169462
ADQ00636.1,S,0.06847106665372849, 0.05984598067071703
ADQ00636.1,N,0.03926272317767143, 0.05807313902510537
ADQ00636.1,A,0.011480377987027168, 0.058517363750272326
ADQ00636.1,N,0.08448852598667145, 0.06693162334462006
ADQ00636.1,K,0.1316235363483429, 0.07325508838726415
ADQ00636.1,E,0.07488220185041428, 0.07336790839003192
ADQ00636.1,C,0.03331780433654785, 0.0716576799750328
ADQ00636.1,Q,0.09247763454914093, 0.08045729560156663
ADQ00636.1,K,0.12329192459583282, 0.07946078127457036
ADQ00636.1,I,0.06948644667863846, 0.08113181901474793
ADQ00636.1,L,0.023870667442679405, 0.0806666776123974
ADQ00636.1,Q,0.0906769186258316, 0.09143260597354835
ADQ00636.1,A,0.07551989704370499, 0.09762506331834528
ADQ00636.1,R,0.1466628760099411, 0.10530845303502348
ADQ00636.1,G,0.07069592922925949, 0.10673996123174827
ADQ00636.1,H,0.13021115958690643, 0.12099371436569425
ADQ00636.1,T,0.14820975065231323, 0.12013159940640132
ADQ00636.1,N,0.19244243204593658, 0.13010241422388288
ADQ00636.1,S,0.08237002044916153, 0.1283710648616155
ADQ00636.1,P,0.15215444564819336, 0.12307869684365061
ADQ00636.1,L,0.08291788399219513, 0.11050788996120293
ADQ00636.1,G,0.16525723040103912, 0.10754237758616607
ADQ00636.1,E,0.1310807317495346, 0.09104503794676727
ADQ00636.1,M,0.023064617067575455, 0.08420854289498594
ADQ00636.1,L,0.017073897644877434, 0.07470986557503541
ADQ00636.1,R,0.12152013927698135, 0.07298698752290672
ADQ00636.1,A,0.043966375291347504, 0.06728420468668143
ADQ00636.1,C,0.0208415649831295, 0.06143735162913799
ADQ00636.1,Q,0.06666634976863861, 0.07127107369403045
ADQ00636.1,A,0.06741198152303696, 0.0891172658238146
ADQ00636.1,W,0.11393218487501144, 0.09275288176205423
ADQ00636.1,T,0.07845905423164368, 0.10361735564139155
ADQ00636.1,P,0.11156811565160751, 0.1138788950112131
ADQ00636.1,K,0.17768962681293488, 0.12056511888901393
ADQ00636.1,D,0.154240682721138, 0.12429050521718131
ADQ00636.1,K,0.1417466402053833, 0.12478854672776328
ADQ00636.1,T,0.11319541931152344, 0.12872710741228527
ADQ00636.1,K,0.12684236466884613, 0.13118283285035026
ADQ00636.1,V,0.10094045847654343, 0.1299935132265091
ADQ00636.1,L,0.11841455847024918, 0.13205445971753862
ADQ00636.1,V,0.11390610039234161, 0.14108314447932774
ADQ00636.1,V,0.1336696445941925, 0.15138276914755502
ADQ00636.1,Q,0.16698575019836426, 0.1588277965784073
ADQ00636.1,P,0.17278920114040375, 0.1679204213950369
ADQ00636.1,R,0.2230048030614853, 0.172169362505277
ADQ00636.1,R,0.20589204132556915, 0.1733275850613912
ADQ00636.1,P,0.19384761154651642, 0.1755333493153254
ADQ00636.1,P,0.18277408182621002, 0.17196978463066948
ADQ00636.1,P,0.15665502846240997, 0.15779758161968654
ADQ00636.1,T,0.12433010339736938, 0.1434240150782797
ADQ00636.1,Q,0.15352152287960052, 0.13752758420175976
ADQ00636.1,P,0.13491366803646088, 0.12479672332604726
ADQ00636.1,C,0.04523937404155731, 0.10939747550421292
ADQ00636.1,F,0.0936427041888237, 0.10607597852746646
ADQ00636.1,R,0.15282416343688965, 0.10645398952894741
ADQ00636.1,C,0.07926986366510391, 0.09469812197817697
ADQ00636.1,G,0.04418085142970085, 0.09179652978976567
ADQ00636.1,K,0.1267615556716919, 0.09668922010395262
ADQ00636.1,V,0.12773220241069794, 0.09667382472091252
ADQ00636.1,G,0.04771871492266655, 0.09991531074047089
ADQ00636.1,H,0.10879933834075928, 0.09976687696244982
ADQ00636.1,W,0.08927358686923981, 0.09926029046376546
ADQ00636.1,S,0.09350414574146271, 0.09595470213227802
ADQ00636.1,R,0.18199753761291504, 0.09126302351554234
ADQ00636.1,D,0.07793395966291428, 0.09799201827910212
ADQ00636.1,C,0.03962157294154167, 0.10899157035681936
ADQ00636.1,T,0.0970112606883049, 0.11844712537195948
ADQ00636.1,Q,0.0855070948600769, 0.1294313706457615
ADQ00636.1,P,0.10827966779470444, 0.12594320583674642
ADQ00636.1,R,0.20779530704021454, 0.1314515881240368
ADQ00636.1,P,0.1743735820055008, 0.13823625693718591
ADQ00636.1,P,0.19236235320568085, 0.13190608554416233
ADQ00636.1,P,0.15060405433177948, 0.1306259830792745
ADQ00636.1,G,0.12750940024852753, 0.12598209414217207
ADQ00636.1,P,0.10068359225988388, 0.1090300873749786
ADQ00636.1,C,0.04003971815109253, 0.09968866863184506
ADQ00636.1,P,0.07398617267608643, 0.08766128826472494
ADQ00636.1,L,0.06648466736078262, 0.08474177660213576
ADQ00636.1,C,0.05522724613547325, 0.07911960159738858
ADQ00636.1,Q,0.09030081331729889, 0.07896267912454075
ADQ00636.1,D,0.08411592990159988, 0.08553408044907782
ADQ00636.1,P,0.12432844936847687, 0.08676636343201001
ADQ00636.1,S,0.07690982520580292, 0.09589462520347701
ADQ00636.1,H,0.09927129000425339, 0.09847739752795961
ADQ00636.1,W,0.09918233007192612, 0.09426466499765714
ADQ00636.1,K,0.0850767195224762, 0.09393136079112689
ADQ00636.1,R,0.1486390233039856, 0.09715054308374722
ADQ00636.1,D,0.07847219705581665, 0.0976092769867844
ADQ00636.1,C,0.052386220544576645, 0.10527470666501257
ADQ00636.1,P,0.0811161920428276, 0.11217794360386
ADQ00636.1,Q,0.15330109000205994, 0.12363680410716268
ADQ00636.1,L,0.08103843033313751, 0.13133918618162474
ADQ00636.1,K,0.16826015710830688, 0.1468682541615433
ADQ00636.1,P,0.16131146252155304, 0.16557731148269442
ADQ00636.1,P,0.18820646405220032, 0.1734051075246599
ADQ00636.1,Q,0.21796046197414398, 0.17673276530371773
ADQ00636.1,E,0.21823380887508392, 0.18299634920226204
ADQ00636.1,E,0.22076773643493652, 0.17879769206047058
ADQ00636.1,G,0.15156635642051697, 0.17209519197543463
ADQ00636.1,E,0.18325001001358032, 0.16276045888662338
ADQ00636.1,P,0.13741068542003632, 0.15129336052470738
ADQ00636.1,L,0.13047224283218384, 0.14080288426743615
ADQ00636.1,L,0.1009889617562294, 0.1319128299752871
ADQ00636.1,L,0.10419386625289917, 0.1328591232498487
ADQ00636.1,D,0.11475657671689987, 0.12972757634189394
ADQ00636.1,L,0.12381952255964279, 0.13347557601001528
ADQ00636.1,S,0.1407572478055954, 0.13520117517974642
ADQ00636.1,S,0.16008299589157104, 0.1432506326172087
ADQ00636.1,T,0.1550660878419876, 0.15045887894100612
ADQ00636.1,S,0.17114268243312836, 0.16105902774466407
ADQ00636.1,G,0.1460026353597641, 0.1706043928861618
ADQ00636.1,T,0.1734340786933899, 0.1795724348889457
ADQ00636.1,T,0.1690680831670761, 0.18482368025514814
ADQ00636.1,E,0.21015791594982147, 0.18442568845219082
ADQ00636.1,E,0.20972780883312225, 0.18351566791534424
ADQ00636.1,K,0.22146962583065033, 0.18643458684285483
ADQ00636.1,N,0.2073442041873932, 0.18499429358376396
ADQ00636.1,S,0.1514841616153717, 0.18895407848887974
ADQ00636.1,L,0.1629524976015091, 0.1818802903095881
ADQ00636.1,G,0.17227290570735931, 0.1585772004392412
ADQ00636.1,G,0.16047143936157227, 0.1339694642358356
ADQ00636.1,E,0.20470614731311798, 0.11093121932612525
ADQ00636.1,I,0.1464938223361969, 0.09409964581330617
CAA61543.1,M,0.10451402515172958, 0.06062253192067146
CAA61543.1,G,0.05836841091513634, 0.07129026162955496
CAA61543.1,Q,0.12673668563365936, 0.08828675622741382
CAA61543.1,I,0.11718209087848663, 0.10200684062308735
CAA61543.1,H,0.13880157470703125, 0.11679867199725574
CAA61543.1,G,0.09600956737995148, 0.1208786057929198
CAA61543.1,L,0.15296845138072968, 0.131082936293549
CAA61543.1,S,0.12348075956106186, 0.13215802195999357
CAA61543.1,P,0.13312648236751556, 0.13433056821425757
CAA61543.1,T,0.141233429312706, 0.1420211965839068
CAA61543.1,P,0.15020738542079926, 0.14442339456743664
CAA61543.1,I,0.13641245663166046, 0.14239016423622766
CAA61543.1,P,0.1367350071668625, 0.1520197010702557
CAA61543.1,K,0.2080172300338745, 0.15165312422646415
CAA61543.1,A,0.11762934923171997, 0.14673298017846215
CAA61543.1,P,0.13466937839984894, 0.14468506392505434
CAA61543.1,R,0.21014659106731415, 0.1400881889793608
CAA61543.1,G,0.12982729077339172, 0.1383564861284362
CAA61543.1,L,0.09695213288068771, 0.12553178684579003
CAA61543.1,S,0.1317761391401291, 0.11651851278212336
CAA61543.1,T,0.09504058212041855, 0.11017642046014468
CAA61543.1,H,0.12114968150854111, 0.09976845689945751
CAA61543.1,H,0.0925949364900589, 0.08925868943333626
CAA61543.1,W,0.036509882658720016, 0.08239116768042247
CAA61543.1,L,0.07759054750204086, 0.08025557216670778
CAA61543.1,N,0.11647491902112961, 0.07910841951767604
CAA61543.1,F,0.035239383578300476, 0.07150832936167717
CAA61543.1,L,0.03514443710446358, 0.07459604864319165
CAA61543.1,Q,0.11255577951669693, 0.09214467969205645
CAA61543.1,A,0.08471620827913284, 0.09606484075387318
CAA61543.1,A,0.052748870104551315, 0.10062930567397012
CAA61543.1,Y,0.12038441002368927, 0.11401847584380044
CAA61543.1,R,0.1944475620985031, 0.12451487986577882
CAA61543.1,L,0.11287199705839157, 0.12448763557606274
CAA61543.1,Q,0.15755510330200195, 0.13349151073230636
CAA61543.1,P,0.15574191510677338, 0.14562972717814976
CAA61543.1,G,0.12961207330226898, 0.14246568497684267
CAA61543.1,P,0.11231058090925217, 0.13352677557203504
CAA61543.1,S,0.16575108468532562, 0.13390283783276877
CAA61543.1,D,0.16199281811714172, 0.13424261411031088
CAA61543.1,F,0.0919080302119255, 0.13033201876613829
CAA61543.1,D,0.11399737745523453, 0.12017348615659608
CAA61543.1,F,0.11625655740499496, 0.1224696615503894
CAA61543.1,Q,0.16061308979988098, 0.1231567623714606
CAA61543.1,Q,0.12054655700922012, 0.11161411967542437
CAA61543.1,L,0.038185279816389084, 0.1060011088848114
CAA61543.1,R,0.13297615945339203, 0.10841824031538433
CAA61543.1,R,0.17193499207496643, 0.10910239236222373
CAA61543.1,F,0.05810903385281563, 0.09738712385296822
CAA61543.1,L,0.041390933096408844, 0.09874018157521884
CAA61543.1,K,0.13575156033039093, 0.1123063216606776
CAA61543.1,L,0.12241392582654953, 0.1091226695312394
CAA61543.1,A,0.055175673216581345, 0.10091915975014369
CAA61543.1,L,0.1327240765094757, 0.10771604834331407
CAA61543.1,K,0.16028054058551788, 0.11734323079387347
CAA61543.1,T,0.10432329028844833, 0.11107225178016557
CAA61543.1,P,0.09810340404510498, 0.10947475706537564
CAA61543.1,I,0.11928103119134903, 0.11623689532279968
CAA61543.1,W,0.12803557515144348, 0.11880853109889561
CAA61543.1,L,0.0793127492070198, 0.1090002598034011
CAA61543.1,N,0.10803647339344025, 0.10472558024856779
CAA61543.1,P,0.11603491753339767, 0.10414776371584998
CAA61543.1,I,0.155868798494339, 0.1022758467329873
CAA61543.1,D,0.07200609892606735, 0.09248106305797894
CAA61543.1,Y,0.06585117429494858, 0.09128563147452143
CAA61543.1,S,0.09290305525064468, 0.09225819466842546
CAA61543.1,L,0.10243377834558487, 0.08894545791877641
CAA61543.1,L,0.03988252207636833, 0.078017291923364
CAA61543.1,A,0.0685538649559021, 0.0815567092763053
CAA61543.1,S,0.11678954213857651, 0.09611998746792476
CAA61543.1,L,0.08622028678655624, 0.10034061306052738
CAA61543.1,V,0.057515304535627365, 0.10448585699001949
CAA61543.1,P,0.10386085510253906, 0.1135729265709718
CAA61543.1,K,0.19692067801952362, 0.1194263675974475
CAA61543.1,G,0.1308886855840683, 0.12104429014854962
CAA61543.1,Y,0.1397409737110138, 0.1166938870317406
CAA61543.1,P,0.12166614830493927, 0.12113692031966315
CAA61543.1,G,0.12123483419418335, 0.1224537127547794
CAA61543.1,R,0.13135084509849548, 0.10436713405781323
CAA61543.1,V,0.04706665873527527, 0.09434598353173998
CAA61543.1,V,0.09750260412693024, 0.0896517245305909
CAA61543.1,E,0.1157119870185852, 0.08445501493083106
CAA61543.1,I,0.03414146974682808, 0.07551664569311672
CAA61543.1,I,0.0406983308494091, 0.0711015293167697
CAA61543.1,N,0.09749264270067215, 0.08035357255074713
CAA61543.1,I,0.07489576190710068, 0.08324846666720179
CAA61543.1,L,0.04078951105475426, 0.08535607531666756
CAA61543.1,V,0.09161479771137238, 0.0970054997338189
CAA61543.1,K,0.13033504784107208, 0.10878753041227658
CAA61543.1,N,0.12355665117502213, 0.1185097408791383
CAA61543.1,Q,0.13468046486377716, 0.13254383247759607
CAA61543.1,V,0.13898628950119019, 0.14540782156917784
CAA61543.1,S,0.14673660695552826, 0.1573444116446707
CAA61543.1,P,0.18499253690242767, 0.1628695320751932
CAA61543.1,S,0.20120258629322052, 0.1676540109846327
CAA61543.1,A,0.15656541287899017, 0.1741272376643287
CAA61543.1,P,0.1990441083908081, 0.1804034130440818
CAA61543.1,A,0.18006113171577454, 0.18640405270788404
CAA61543.1,A,0.16661696135997772, 0.18657768766085306
CAA61543.1,P,0.19293950498104095, 0.1866834925280677
CAA61543.1,V,0.1954718679189682, 0.18930009007453918
CAA61543.1,P,0.20074236392974854, 0.18438308934370676
CAA61543.1,T,0.18655525147914886, 0.18453243374824524
CAA61543.1,P,0.20215483009815216, 0.18770839273929596
CAA61543.1,I,0.18011479079723358, 0.18909060292773777
CAA61543.1,C,0.15479110181331635, 0.18993020057678223
CAA61543.1,P,0.1814052313566208, 0.18830103344387478
CAA61543.1,T,0.1952005922794342, 0.18876449101501042
CAA61543.1,T,0.2053793966770172, 0.18976745506127676
CAA61543.1,T,0.20302824676036835, 0.19365134669674766
CAA61543.1,P,0.18607985973358154, 0.1999577350086636
CAA61543.1,P,0.1907263696193695, 0.20373312301105923
CAA61543.1,P,0.21118150651454926, 0.2072220030758116
CAA61543.1,P,0.21506981551647186, 0.20709682007630667
CAA61543.1,P,0.2115485966205597, 0.20759545266628265
CAA61543.1,P,0.21538372337818146, 0.21214113963974846
CAA61543.1,P,0.2266005128622055, 0.2079386164744695
CAA61543.1,S,0.20425274968147278, 0.2055659161673652
CAA61543.1,P,0.20751594007015228, 0.20083968175782096
CAA61543.1,E,0.22699104249477386, 0.1995178328620063
CAA61543.1,A,0.15290366113185883, 0.19970014029079014
CAA61543.1,H,0.18982720375061035, 0.1963131543662813
CAA61543.1,V,0.17253370583057404, 0.19936656786335838
CAA61543.1,P,0.19965195655822754, 0.195711988541815
CAA61543.1,P,0.21702449023723602, 0.19282223615381452
CAA61543.1,P,0.19611763954162598, 0.1968041310707728
CAA61543.1,Y,0.23173347115516663, 0.19536899858050877
CAA61543.1,V,0.1746247261762619, 0.1918163001537323
CAA61543.1,E,0.20098327100276947, 0.18336529119147194
CAA61543.1,P,0.18874071538448334, 0.17514156053463617
CAA61543.1,T,0.17691101133823395, 0.16449571318096584
CAA61543.1,S,0.14055941998958588, 0.14793536315361658
CAA61543.1,T,0.12359287589788437, 0.13997806111971536
CAA61543.1,K,0.1430109143257141, 0.12439374584290716
CAA61543.1,C,0.10030501335859299, 0.11207392356461948
CAA61543.1,F,0.08269032090902328, 0.10583851031131214
CAA61543.1,P,0.10300900787115097, 0.10627281624409887
CAA61543.1,I,0.06072443351149559, 0.11613750664724244
CAA61543.1,L,0.07786231487989426, 0.12202619554267989
CAA61543.1,H,0.12079229205846786, 0.12725314787692493
CAA61543.1,P,0.14446817338466644, 0.14285434492760235
CAA61543.1,P,0.21237508952617645, 0.14911139963401687
CAA61543.1,G,0.19600911438465118, 0.15629688733153874
CAA61543.1,A,0.1473475843667984, 0.1600535503692097
CAA61543.1,P,0.22310109436511993, 0.16645563807752398
CAA61543.1,S,0.15932250022888184, 0.16082975930637783
CAA61543.1,A,0.1253938227891922, 0.1422657962474558
CAA61543.1,H,0.1116722822189331, 0.13225913254751098
CAA61543.1,R,0.1784110814332962, 0.12811660807993677
CAA61543.1,P,0.0938352644443512, 0.12066417973902491
CAA61543.1,W,0.04529942199587822, 0.11286658007237646
CAA61543.1,Q,0.10594914108514786, 0.10055439898537265
CAA61543.1,M,0.11006486415863037, 0.09916942711505625
CAA61543.1,K,0.15602923929691315, 0.08782930485904217
CAA61543.1,D,0.08914410322904587, 0.079232275692953
CAA61543.1,L,0.014584193006157875, 0.08184256963431835
CAA61543.1,Q,0.09920753538608551, 0.08270186082356507
CAA61543.1,A,0.07634998112916946, 0.07798436428937647
CAA61543.1,I,0.01646200194954872, 0.06307373485631412
CAA61543.1,K,0.06879206746816635, 0.06377360183331701
CAA61543.1,Q,0.11368276178836823, 0.07304516786502467
CAA61543.1,E,0.06760739535093307, 0.06914860527548525
CAA61543.1,V,0.021833574399352074, 0.07161111074189346
CAA61543.1,S,0.09544290602207184, 0.0822645498232709
CAA61543.1,S,0.0980282872915268, 0.08490742639535004
CAA61543.1,S,0.06413847208023071, 0.07879848591983318
CAA61543.1,A,0.09851253032684326, 0.08284596167504787
CAA61543.1,P,0.1123429536819458, 0.08991128702958424
CAA61543.1,G,0.09257795661687851, 0.08384779923492008
CAA61543.1,S,0.05870229750871658, 0.07972842413518164
CAA61543.1,P,0.1040346771478653, 0.08697127426664035
CAA61543.1,Q,0.08542150259017944, 0.0809631881614526
CAA61543.1,F,0.0408715158700943, 0.07017039497279459
CAA61543.1,M,0.060953911393880844, 0.07245221723698908
CAA61543.1,Q,0.12932412326335907, 0.07407710276958016
CAA61543.1,T,0.044439755380153656, 0.06457213653872411
CAA61543.1,L,0.015207814984023571, 0.059045057019425765
CAA61543.1,R,0.1131143569946289, 0.06347057937333982
CAA61543.1,L,0.07332626730203629, 0.06829101437081893
CAA61543.1,A,0.018489981070160866, 0.06267101245207919
CAA61543.1,V,0.03567778691649437, 0.0679434621706605
CAA61543.1,Q,0.08070121705532074, 0.07032655986646812
CAA61543.1,Q,0.10433782637119293, 0.06566713150176737
CAA61543.1,F,0.07874410599470139, 0.06362684381504853
CAA61543.1,D,0.0918918028473854, 0.07217846438288689
CAA61543.1,P,0.036655694246292114, 0.07431363438566525
CAA61543.1,T,0.07117950171232224, 0.06765149388876227
CAA61543.1,A,0.05496367812156677, 0.06259051441318458
CAA61543.1,K,0.09545456618070602, 0.06063543280793561
CAA61543.1,D,0.05489431694149971, 0.052001683972775936
CAA61543.1,L,0.02074195258319378, 0.0492950529894895
CAA61543.1,Q,0.05878901109099388, 0.052268485331700906
CAA61543.1,D,0.061148371547460556, 0.053892549644741744
CAA61543.1,L,0.014188063330948353, 0.04665337140775389
CAA61543.1,L,0.01229601539671421, 0.04367780675076776
CAA61543.1,Q,0.09794039279222488, 0.04941188057677613
CAA61543.1,Y,0.06958025693893433, 0.05650319955829117
CAA61543.1,L,0.030301962047815323, 0.059472377205060586
CAA61543.1,C,0.028114235028624535, 0.06260122896896468
CAA61543.1,S,0.07234861701726913, 0.0664239465776417
CAA61543.1,S,0.12261088192462921, 0.06436989932424492
CAA61543.1,L,0.08787097036838531, 0.062041306454274386
CAA61543.1,V,0.042347729206085205, 0.061612761269013085
CAA61543.1,V,0.04670047387480736, 0.06597628920442528
CAA61543.1,S,0.0794539675116539, 0.06817274851103623
CAA61543.1,L,0.048622921109199524, 0.06107982392940256
CAA61543.1,H,0.0264450553804636, 0.05469028548234039
CAA61543.1,H,0.06738598644733429, 0.06320477835834026
CAA61543.1,Q,0.09211675077676773, 0.07042758518622981
CAA61543.1,Q,0.05877456068992615, 0.06698441443343957
CAA61543.1,L,0.030365124344825745, 0.06637025107112196
CAA61543.1,N,0.11897816509008408, 0.07911720333827867
CAA61543.1,T,0.1117057353258133, 0.08996844415863355
CAA61543.1,L,0.04846543073654175, 0.08603456450833215
CAA61543.1,I,0.04309545084834099, 0.095061214433776
CAA61543.1,T,0.14116762578487396, 0.11122263802422418
CAA61543.1,E,0.16504715383052826, 0.11628590441412395
CAA61543.1,A,0.0567118339240551, 0.12099808537297779
CAA61543.1,E,0.1400144100189209, 0.1315363637275166
CAA61543.1,T,0.17581793665885925, 0.14866241440176964
CAA61543.1,R,0.16454756259918213, 0.14987744184003937
CAA61543.1,G,0.15411536395549774, 0.15473226002520984
CAA61543.1,V,0.14330993592739105, 0.16861281130048963
CAA61543.1,T,0.19722990691661835, 0.16420388221740723
CAA61543.1,G,0.15210287272930145, 0.1598289046022627
CAA61543.1,Y,0.20874051749706268, 0.1575198769569397
CAA61543.1,N,0.18163679540157318, 0.1595032728380627
CAA61543.1,P,0.1003340482711792, 0.1603347377644645
CAA61543.1,M,0.1364431381225586, 0.1544986648692025
CAA61543.1,A,0.14376631379127502, 0.15996646384398142
CAA61543.1,G,0.17196592688560486, 0.15381523966789246
CAA61543.1,P,0.15079312026500702, 0.1463846108979649
CAA61543.1,L,0.14470525085926056, 0.1494620516896248
CAA61543.1,R,0.2013130635023117, 0.15428407904174593
CAA61543.1,M,0.15337949991226196, 0.15722647060950598
CAA61543.1,Q,0.11476113647222519, 0.15931165466705957
CAA61543.1,A,0.12803101539611816, 0.161017383966181
CAA61543.1,N,0.17984138429164886, 0.15878410389026007
CAA61543.1,N,0.17024783790111542, 0.15805194361342323
CAA61543.1,P,0.19073258340358734, 0.163666110071871
CAA61543.1,A,0.16614468395709991, 0.15968007842699686
CAA61543.1,Q,0.12460573017597198, 0.15481655382447773
CAA61543.1,Q,0.19472362101078033, 0.1599982041451666
CAA61543.1,G,0.20390699803829193, 0.1541441281636556
CAA61543.1,L,0.07888685166835785, 0.137249073634545
CAA61543.1,R,0.08425929397344589, 0.1262634458641211
CAA61543.1,R,0.22647623717784882, 0.12905705761578348
CAA61543.1,E,0.11756115406751633, 0.1112606819305155
CAA61543.1,Y,0.038677092641592026, 0.09015679452568293
CAA61543.1,Q,0.06727403402328491, 0.08911008646504746
CAA61543.1,N,0.14974823594093323, 0.0910782070002622
CAA61543.1,L,0.03455623984336853, 0.06742030278676087
CAA61543.1,W,0.013972011394798756, 0.05598832697918018
CAA61543.1,L,0.0694664791226387, 0.06056017087151607
CAA61543.1,A,0.10197237879037857, 0.06419249696450101
CAA61543.1,A,0.013555099256336689, 0.05287764583610826
CAA61543.1,F,0.01467337179929018, 0.0561601183273726
CAA61543.1,S,0.07982368767261505, 0.06423706706199381
CAA61543.1,T,0.09996496886014938, 0.06946723721921444
CAA61543.1,L,0.04791457578539848, 0.06950592311720054
CAA61543.1,P,0.06409849226474762, 0.08677563661088546
CAA61543.1,G,0.08666455000638962, 0.10120060750179821
CAA61543.1,N,0.11653801053762436, 0.10268625823987855
CAA61543.1,T,0.10232055187225342, 0.10352077956000964
CAA61543.1,R,0.16898252069950104, 0.1060681442419688
CAA61543.1,D,0.14449810981750488, 0.10797390093406041
CAA61543.1,P,0.09319454431533813, 0.10632898658514023
CAA61543.1,S,0.1074756607413292, 0.09665674902498722
CAA61543.1,W,0.07084085792303085, 0.09508163502646817
CAA61543.1,A,0.08125030249357224, 0.08149719176193078
CAA61543.1,A,0.07186032086610794, 0.07205191647840871
CAA61543.1,I,0.02948787249624729, 0.07659670110378
CAA61543.1,L,0.08814452588558197, 0.08664508474369843
CAA61543.1,Q,0.04672253131866455, 0.08655036965178119
CAA61543.1,G,0.0594906322658062, 0.08516237698495388
CAA61543.1,L,0.1340976059436798, 0.08055051974952221
CAA61543.1,E,0.1979111135005951, 0.08210748765203688
CAA61543.1,E,0.0699884220957756, 0.0777101574672593
CAA61543.1,P,0.06875836849212646, 0.07445346377789974
CAA61543.1,Y,0.0303536057472229, 0.06983050476345751
CAA61543.1,C,0.04350058361887932, 0.06869984935555193
CAA61543.1,A,0.04856855422258377, 0.054454149678349495
CAA61543.1,F,0.01741228811442852, 0.04777126293629408
CAA61543.1,V,0.01788400113582611, 0.0448658572923806
CAA61543.1,E,0.1239217072725296, 0.05602725584887796
CAA61543.1,R,0.06969981640577316, 0.05332678070084916
CAA61543.1,L,0.00984244141727686, 0.050641550682485104
CAA61543.1,N,0.042609717696905136, 0.060047478415071964
CAA61543.1,V,0.13080619275569916, 0.07004616833809349
CAA61543.1,A,0.01919630728662014, 0.06465161519332065
CAA61543.1,L,0.024401484057307243, 0.06543517702569564
CAA61543.1,D,0.10206563770771027, 0.08440083182520336
CAA61543.1,N,0.10787221044301987, 0.10364331429203351
CAA61543.1,G,0.07537072896957397, 0.10810428981979688
CAA61543.1,L,0.07675187289714813, 0.12496260367333889
CAA61543.1,P,0.18053333461284637, 0.13063812421427834
CAA61543.1,E,0.21579205989837646, 0.12755249440670013
CAA61543.1,G,0.17095497250556946, 0.13457861459917492
CAA61543.1,T,0.17092113196849823, 0.13719387352466583
CAA61543.1,P,0.07548116892576218, 0.13369517193900216
CAA61543.1,K,0.07429496943950653, 0.11590021414061387
CAA61543.1,E,0.17110729217529297, 0.10021225756241216
CAA61543.1,P,0.09890805929899216, 0.09129482900930776
CAA61543.1,I,0.04526355862617493, 0.0756335130168332
CAA61543.1,L,0.02037871442735195, 0.06916233628160423
CAA61543.1,R,0.074600450694561, 0.06811312068667677
CAA61543.1,S,0.09069811552762985, 0.05681960264013873
CAA61543.1,L,0.029969288036227226, 0.05015895122455226
CAA61543.1,A,0.017240578308701515, 0.046409951626426645
CAA61543.1,Y,0.0648520290851593, 0.05365636499805583
CAA61543.1,S,0.06946562975645065, 0.06009002826693985
CAA61543.1,N,0.03896219655871391, 0.05801623945848809
CAA61543.1,A,0.011522562243044376, 0.05843085412763887
CAA61543.1,N,0.08559643477201462, 0.06683530089341932
CAA61543.1,K,0.1325034201145172, 0.07331102600114213
CAA61543.1,E,0.07203401625156403, 0.07288400839186376
CAA61543.1,C,0.03370082005858421, 0.07105610716260141
CAA61543.1,Q,0.09288059920072556, 0.08002191885477966
CAA61543.1,K,0.12313355505466461, 0.0785506543599897
CAA61543.1,I,0.0656224712729454, 0.0791544643127256
CAA61543.1,L,0.022511085495352745, 0.07926580827269289
CAA61543.1,Q,0.09221486747264862, 0.0901435354931487
CAA61543.1,A,0.07235505431890488, 0.09854104431966941
CAA61543.1,R,0.13793770968914032, 0.10661393052173986
CAA61543.1,G,0.07303611189126968, 0.1089020733618074
CAA61543.1,P,0.13160036504268646, 0.12312006867594188
CAA61543.1,T,0.16845817863941193, 0.12216868085993661
CAA61543.1,N,0.19578953087329865, 0.13258608016702864
CAA61543.1,S,0.08621575683355331, 0.13192312750551435
CAA61543.1,P,0.15047304332256317, 0.1262773676878876
CAA61543.1,L,0.08365237712860107, 0.11353047109312481
CAA61543.1,G,0.16611164808273315, 0.10785992857482699
CAA61543.1,E,0.13197113573551178, 0.09086758105291261
CAA61543.1,M,0.022224273532629013, 0.0836554705682728
CAA61543.1,L,0.016878295689821243, 0.0742404218763113
CAA61543.1,R,0.11742329597473145, 0.07222444874544938
CAA61543.1,A,0.04285840317606926, 0.06603142846789625
CAA61543.1,C,0.021306762471795082, 0.060157830309536725
CAA61543.1,Q,0.06573760509490967, 0.07010832118491332
CAA61543.1,A,0.06550861895084381, 0.08755011835859881
CAA61543.1,W,0.11037446558475494, 0.09124774216777748
CAA61543.1,T,0.07910875231027603, 0.10209200303587648
CAA61543.1,P,0.11177869141101837, 0.11193944017092387
CAA61543.1,K,0.17385447025299072, 0.11852274421188566
CAA61543.1,D,0.15070191025733948, 0.12227161642577913
CAA61543.1,K,0.14045675098896027, 0.12316599571042591
CAA61543.1,T,0.10993369668722153, 0.12685766071081161
CAA61543.1,K,0.12498734146356583, 0.12917455616924498
CAA61543.1,V,0.09924846887588501, 0.12844567083650166
CAA61543.1,L,0.11842387914657593, 0.13090335577726364
CAA61543.1,V,0.1123337373137474, 0.1404771680633227
CAA61543.1,V,0.13263075053691864, 0.15135149988863203
CAA61543.1,Q,0.16729450225830078, 0.15939274347490734
CAA61543.1,P,0.1728210747241974, 0.16912059568696552
CAA61543.1,R,0.22662106156349182, 0.17383686949809393
CAA61543.1,R,0.2078026831150055, 0.1754803309837977
CAA61543.1,P,0.19735853374004364, 0.1782970113886727
CAA61543.1,P,0.18679913878440857, 0.17522234386867946
CAA61543.1,P,0.16087034344673157, 0.1609446340137058
CAA61543.1,T,0.12712489068508148, 0.1466173322664367
CAA61543.1,Q,0.15798087418079376, 0.1413995780878597
CAA61543.1,P,0.1396224945783615, 0.12856664425796932
CAA61543.1,C,0.044321686029434204, 0.11294798346029387
CAA61543.1,F,0.09767534583806992, 0.10886834603216913
CAA61543.1,R,0.1608428955078125, 0.1102403091887633
CAA61543.1,C,0.08186212927103043, 0.09812851746877034
CAA61543.1,G,0.046231191605329514, 0.09493692384825812
CAA61543.1,K,0.12415360659360886, 0.10019072145223618
CAA61543.1,I,0.13947255909442902, 0.10051714960071775
CAA61543.1,G,0.04897474870085716, 0.1037272388736407
CAA61543.1,H,0.11089815199375153, 0.10365632838673061
CAA61543.1,W,0.09160586446523666, 0.10318178600735134
CAA61543.1,S,0.10061319917440414, 0.10078336795171101
CAA61543.1,R,0.18973369896411896, 0.09502626872724956
CAA61543.1,D,0.08122393488883972, 0.10212804915176497
CAA61543.1,C,0.04196031019091606, 0.1139419778353638
CAA61543.1,T,0.10256784409284592, 0.12499091153343518
CAA61543.1,Q,0.08765866607427597, 0.13621320202946663
CAA61543.1,P,0.11289077252149582, 0.13261249040563902
CAA61543.1,R,0.21722351014614105, 0.1384225044813421
CAA61543.1,P,0.19104626774787903, 0.14580808993842867
CAA61543.1,P,0.20161381363868713, 0.13905532989237043
CAA61543.1,P,0.1573272943496704, 0.1379563750492202
CAA61543.1,G,0.13351406157016754, 0.13332640048530367
CAA61543.1,P,0.10843057930469513, 0.11574805527925491
CAA61543.1,C,0.04179300367832184, 0.10439841283692254
CAA61543.1,P,0.07776807248592377, 0.09144759426514308
CAA61543.1,L,0.0712210014462471, 0.08819801360368729
CAA61543.1,C,0.05901840329170227, 0.08271067092816035
CAA61543.1,Q,0.08889948576688766, 0.08137469738721848
CAA61543.1,D,0.08505644649267197, 0.08780933419863383
CAA61543.1,P,0.1280810683965683, 0.08863290896018346
CAA61543.1,S,0.08412797749042511, 0.0989828026956982
CAA61543.1,H,0.09640681743621826, 0.1015123004714648
CAA61543.1,W,0.09970473498106003, 0.0981387851966752
CAA61543.1,K,0.08518024533987045, 0.09788962867524889
CAA61543.1,R,0.16437004506587982, 0.09994359811147054
CAA61543.1,D,0.08178388327360153, 0.10569271445274353
CAA61543.1,C,0.05853784829378128, 0.12053015165858799
CAA61543.1,P,0.0828140377998352, 0.13022208296590382
CAA61543.1,Q,0.14656679332256317, 0.14451895819769967
CAA61543.1,P,0.13587002456188202, 0.1522845360967848
CAA61543.1,K,0.22994375228881836, 0.16946123954322603
CAA61543.1,P,0.18693211674690247, 0.18907013369931114
CAA61543.1,P,0.21385212242603302, 0.19839189449946085
CAA61543.1,Q,0.23426024615764618, 0.20392610629399618
CAA61543.1,E,0.23637421429157257, 0.20544733934932286
CAA61543.1,E,0.23501789569854736, 0.19588534037272134
CAA61543.1,G,0.16670988500118256, 0.18727384342087638
CAA61543.1,E,0.19637469947338104, 0.17614039778709412
CAA61543.1,P,0.14956112205982208, 0.16403367618719736
CAA61543.1,L,0.1438857614994049, 0.15228687226772308
CAA61543.1,L,0.10942864418029785, 0.14281551705466378
CAA61543.1,L,0.11365111172199249, 0.14328949484560224
CAA61543.1,D,0.12529975175857544, 0.1397137376997206
CAA61543.1,L,0.13065297901630402, 0.14251723885536194
CAA61543.1,S,0.1497756987810135, 0.14354226655430263
CAA61543.1,S,0.1709756851196289, 0.15224193036556244
CAA61543.1,T,0.16419288516044617, 0.1599455343352424
CAA61543.1,S,0.17479263246059418, 0.17094220883316463
CAA61543.1,G,0.15311101078987122, 0.181360791126887
CAA61543.1,T,0.18772561848163605, 0.190500032570627
CAA61543.1,T,0.18298354744911194, 0.1963791565762626
CAA61543.1,E,0.2242698222398758, 0.1955968588590622
CAA61543.1,E,0.2244202196598053, 0.1936806837717692
CAA61543.1,K,0.23202887177467346, 0.20369044442971548
CAA61543.1,N,0.22388780117034912, 0.20236625108453962
CAA61543.1,S,0.1571522057056427, 0.20573941204282972
CAA61543.1,L,0.15754705667495728, 0.1981082409620285
CAA61543.1,R,0.24319885671138763, 0.17317266099982792
CAA61543.1,G,0.1758078783750534, 0.1473916752470864
CAA61543.1,E,0.21334199607372284, 0.1225152528948254
CAA61543.1,I,0.1555892825126648, 0.10505389670530955
